row_number,artist_name,nationalite_verdict,catalogue_action,confidence,proof_level,entity_kind,source_type,source_url,secondary_source_url,evidence_summary,recommended_action,genres_originaux,notes_originales,duplicate_flag
2,$NOT,OUI - origine haïtienne diaspora confirmée,OK musical - diaspora,92,Source publique,solo diaspora,Wikipedia / GQ,https://en.wikipedia.org/wiki/Snot_(rapper),https://www.gq.com/story/snot-ethereal-interview-doja-asap-rocky,"$NOT / SNOT est un rappeur américain; sources publiques indiquent une origine haïtienne et dominicaine. À classer diaspora, pas nationalité haïtienne stricte.","Garder comme diaspora haïtienne, avec mention 'origine haïtienne'.","Hip-Hop, Trap, Rage",Edy Edgar Echelus. Parents haïtiens évoqués. Sources à confirmer.,
3,4 Let Nan Pwen,"PROBABLE - groupe haïtien, source à ajouter",Peut rester provisoirement,68,Base interne / notes existantes,groupe/collectif,Dataset interne,,,Groupe compas haïtien.,Chercher une source publique avant de passer en vérifié.,Compas,Groupe compas haïtien.,
4,5Lan (Dols),"PROBABLE - groupe haïtien, source à ajouter",Peut rester provisoirement,60,"Indice haïtien dans les notes, sans source publique",groupe/collectif,,,,Aucune preuve structurée claire trouvee dans Wikidata/MusicBrainz.,Ajouter une source publique ou média local fiable.,Compas,Membre du groupe 5Lan. Sources limitées.,
5,Adorons l'Éternel,"PROBABLE - groupe haïtien, source à ajouter",Peut rester provisoirement,72,Base interne / notes existantes,groupe/collectif,Dataset interne,,,Groupe worship haïtien. Sources limitées.,Chercher une source publique avant de passer en vérifié.,"Gospel, Worship",Groupe worship haïtien. Sources limitées.,
6,Alain Jean-Pierre,"PROBABLE - haïtien, source à ajouter",Peut rester provisoirement,72,Base interne / notes existantes,solo,Dataset interne,,,Musicien haïtien compas/jazz.,Chercher une source publique avant de passer en vérifié.,"Compas, Jazz",Musicien haïtien compas/jazz.,
7,Alex Abélard,"PROBABLE - haïtien, source à ajouter",Peut rester provisoirement,72,Base interne / notes existantes,solo,Dataset interne,,,Musicien compas haïtien.,Chercher une source publique avant de passer en vérifié.,Compas,Musicien compas haïtien.,
8,Alex Volcy,"PROBABLE - haïtien, source à ajouter",Peut rester provisoirement,70,Base interne / notes existantes,solo,Dataset interne,,,Artiste compas haïtien.,Chercher une source publique avant de passer en vérifié.,Compas,Artiste compas haïtien.,
9,Alix Pascal,OUI - haïtien confirmé,OK musical,90,Source publique,solo,MusicBrainz,https://musicbrainz.org/artist/e332d3b9-7efd-46f1-97bd-3b4607402c0a,,"Alix Pascal: country=HT, area=Haiti, begin_area=Pétion-Ville.",Garder dans le catalogue.,Compas,Musicien compas haïtien historique.,
10,Allen Kass,"PROBABLE - haïtien, source à ajouter",Peut rester provisoirement,72,Base interne / notes existantes,solo,Dataset interne,,,Artiste compas haïtien émergent.,Chercher une source publique avant de passer en vérifié.,"Compas, Pop",Artiste compas haïtien émergent.,
11,Althéa Jean,"PROBABLE - haïtien, source à ajouter",Peut rester provisoirement,72,Base interne / notes existantes,solo,Dataset interne,,,Chanteuse haïtienne diaspora. Sources limitées.,Chercher une source publique avant de passer en vérifié.,"Pop, World",Chanteuse haïtienne diaspora. Sources limitées.,
12,Archie Eversole,"PROBABLE - haïtien, source à ajouter",Peut rester provisoirement,60,Base interne / notes existantes,solo,Dataset interne,,,Rappeur Atlanta. Origine haïtienne parfois mentionnée. Décédé 2022.,Chercher une source publique avant de passer en vérifié.,"Hip-Hop, Crunk",Rappeur Atlanta. Origine haïtienne parfois mentionnée. Décédé 2022.,
13,Awozam,"PROBABLE - groupe haïtien, source à ajouter",Peut rester provisoirement,68,Base interne / notes existantes,groupe/collectif,Dataset interne,,,Groupe racine haïtien. Sources limitées.,Chercher une source publique avant de passer en vérifié.,Racine,Groupe racine haïtien. Sources limitées.,
14,Bandi Legal,"PROBABLE - haïtien, source à ajouter",Peut rester provisoirement,72,Base interne / notes existantes,solo,Dataset interne,,,Rappeur haïtien. Sources limitées.,Chercher une source publique avant de passer en vérifié.,Rap Kreyòl,Rappeur haïtien. Sources limitées.,
15,Bato,"PROBABLE - haïtien, source à ajouter",Peut rester provisoirement,70,Base interne / notes existantes,solo,Dataset interne,,,Artiste rabòday haïtien. Sources limitées.,Chercher une source publique avant de passer en vérifié.,"Rabòday, Rap Kreyòl",Artiste rabòday haïtien. Sources limitées.,
16,Beethova Edmond,"PROBABLE - haïtien, source à ajouter",Peut rester provisoirement,70,Base interne / notes existantes,solo,Dataset interne,,,Musicien compas haïtien.,Chercher une source publique avant de passer en vérifié.,Compas,Musicien compas haïtien.,
17,Beethoven (compas),"PROBABLE - haïtien, source à ajouter",Peut rester provisoirement,70,Base interne / notes existantes,solo,Dataset interne,,,Artiste compas haïtien. Ne pas confondre avec Beethova Obas.,Chercher une source publique avant de passer en vérifié.,"Compas, Pop",Artiste compas haïtien. Ne pas confondre avec Beethova Obas.,
18,Bel Jazz,"PROBABLE - groupe haïtien, source à ajouter",Peut rester provisoirement,68,Base interne / notes existantes,groupe/collectif,Dataset interne,,,Groupe compas/jazz haïtien. Sources limitées.,Chercher une source publique avant de passer en vérifié.,"Compas, Jazz",Groupe compas/jazz haïtien. Sources limitées.,
19,Bel Plezi,"PROBABLE - groupe haïtien, source à ajouter",Peut rester provisoirement,70,Base interne / notes existantes,groupe/collectif,Dataset interne,,,Groupe compas haïtien.,Chercher une source publique avant de passer en vérifié.,Compas,Groupe compas haïtien.,
20,Bélé Bélé,"PROBABLE - haïtien, source à ajouter",Peut rester provisoirement,68,Base interne / notes existantes,solo,Dataset interne,,,Artiste compas haïtien émergent. Sources limitées.,Chercher une source publique avant de passer en vérifié.,"Compas, Pop",Artiste compas haïtien émergent. Sources limitées.,
21,Belo (jeune génération),"PROBABLE - haïtien, source à ajouter",Peut rester provisoirement,60,"Indice haïtien dans les notes, sans source publique",solo,,,,Aucune preuve structurée claire trouvee dans Wikidata/MusicBrainz.,Ajouter une source publique ou média local fiable.,"Compas, Pop",Homonyme potentiel avec BelO (batch-001). À clarifier.,
22,Bertrand Desprez (MC),À VÉRIFIER - preuve publique insuffisante,Recherche manuelle requise,55,Source publique manquante,solo,,,,Aucune preuve structurée claire trouvee dans Wikidata/MusicBrainz.,Chercher une source indépendante avant validation.,Hip-Hop,Rappeur diaspora France. Sources limitées.,
23,Béthanie (groupe gospel),"PROBABLE - groupe haïtien, source à ajouter",Peut rester provisoirement,70,Base interne / notes existantes,groupe/collectif,Dataset interne,,,Groupe gospel haïtien.,Chercher une source publique avant de passer en vérifié.,Gospel,Groupe gospel haïtien.,
24,Black Parents (lead vocal),"PROBABLE - haïtien, source à ajouter",Peut rester provisoirement,60,"Indice haïtien dans les notes, sans source publique",solo,,,,Aucune preuve structurée claire trouvee dans Wikidata/MusicBrainz.,Ajouter une source publique ou média local fiable.,Compas,Vocaliste Black Parents.,
25,Bòs TV,"PROBABLE - haïtien, source à ajouter",Peut rester provisoirement,70,Base interne / notes existantes,solo,Dataset interne,,,Artiste rabòday haïtien. Sources limitées.,Chercher une source publique avant de passer en vérifié.,Rabòday,Artiste rabòday haïtien. Sources limitées.,
26,Bro Michel Louis,"PROBABLE - haïtien, source à ajouter",Peut rester provisoirement,68,Base interne / notes existantes,solo,Dataset interne,,,Artiste gospel haïtien.,Chercher une source publique avant de passer en vérifié.,Gospel,Artiste gospel haïtien.,
27,Brothers (groupe Cap),"PROBABLE - groupe haïtien, source à ajouter",Peut rester provisoirement,68,Base interne / notes existantes,groupe/collectif,Dataset interne,,,Groupe compas Cap-Haïtien. Sources limitées.,Chercher une source publique avant de passer en vérifié.,Compas,Groupe compas Cap-Haïtien. Sources limitées.,
28,Brothers of the Drum (Haiti),"PROBABLE - groupe haïtien, source à ajouter",Peut rester provisoirement,60,"Indice haïtien dans les notes, sans source publique",groupe/collectif,,,,Aucune preuve structurée claire trouvee dans Wikidata/MusicBrainz.,Ajouter une source publique ou média local fiable.,"Racine, Percussion",Collectif percussionnistes haïtiens. Sources limitées.,
29,Bub Styles,"PROBABLE - haïtien, source à ajouter",Peut rester provisoirement,68,Base interne / notes existantes,solo,Dataset interne,,,Rappeur diaspora haïtienne. Sources limitées.,Chercher une source publique avant de passer en vérifié.,Hip-Hop,Rappeur diaspora haïtienne. Sources limitées.,
30,Carl-Henry Desmornes,"PROBABLE - haïtien, source à ajouter",Peut rester provisoirement,70,Base interne / notes existantes,solo,Dataset interne,,,Chanteur gospel haïtien.,Chercher une source publique avant de passer en vérifié.,Gospel,Chanteur gospel haïtien.,
31,Cassha,"PROBABLE - haïtien, source à ajouter",Peut rester provisoirement,68,Base interne / notes existantes,solo,Dataset interne,,,Rappeur haïtien émergent. Sources limitées.,Chercher une source publique avant de passer en vérifié.,"Rap Kreyòl, Trap",Rappeur haïtien émergent. Sources limitées.,
32,Castera Bazile,"OUI - haïtien confirmé, rôle musical à vérifier",À vérifier - rôle musical non confirmé,75,Source publique confirme Haïti mais pas le rôle musical,solo,Wikidata/Wikipedia,https://www.wikidata.org/wiki/Q2941413,,Castera Bazile: Haitian painter (1923-1966). Preuves: Haiti; Jacmel.,Ne valider dans le catalogue musique qu'après preuve musicale.,Chanson,Artiste haïtien historique. Sources limitées.,
33,Chabba,"PROBABLE - haïtien, source à ajouter",Peut rester provisoirement,70,Base interne / notes existantes,solo,Dataset interne,,,Artiste compas haïtien nouvelle génération.,Chercher une source publique avant de passer en vérifié.,"Compas, Pop",Artiste compas haïtien nouvelle génération.,
34,Chal,"PROBABLE - haïtien, source à ajouter",Peut rester provisoirement,70,Base interne / notes existantes,solo,Dataset interne,,,Rappeur haïtien. Sources limitées.,Chercher une source publique avant de passer en vérifié.,Rap Kreyòl,Rappeur haïtien. Sources limitées.,
35,Chal Gason,"PROBABLE - haïtien, source à ajouter",Peut rester provisoirement,70,Base interne / notes existantes,solo,Dataset interne,,,Artiste twoubadou haïtien.,Chercher une source publique avant de passer en vérifié.,Twoubadou,Artiste twoubadou haïtien.,
36,Chandèl,"PROBABLE - groupe haïtien, source à ajouter",Peut rester provisoirement,72,Base interne / notes existantes,groupe/collectif,Dataset interne,,,Groupe racine haïtien.,Chercher une source publique avant de passer en vérifié.,"Racine, Vodou rock",Groupe racine haïtien.,
37,Clever,NON - autre nationalité confirmée,À retirer sauf preuve d'origine haïtienne,88,Source publique,solo non haïtien,Wikipedia,https://en.wikipedia.org/wiki/Clever_(musician),,Source publique: rappeur américain né en Alabama; aucune preuve publique trouvée d'origine haïtienne.,Retirer ou garder en attente seulement si une source d'origine haïtienne est fournie.,"Hip-Hop, Trap",Rappeur floridien. Origine haïtienne évoquée.,
38,Coupé Cloué II,"PROBABLE - haïtien, source à ajouter",Peut rester provisoirement,60,"Indice haïtien dans les notes, sans source publique",solo,,,,Aucune preuve structurée claire trouvee dans Wikidata/MusicBrainz.,Ajouter une source publique ou média local fiable.,Compas,Fils de Coupé Cloué. Artiste compas continuant l'héritage paternel.,
39,Coupé Cloué Jr,"PROBABLE - haïtien, source à ajouter",Peut rester provisoirement,60,"Indice haïtien dans les notes, sans source publique",solo,,,,Aucune preuve structurée claire trouvee dans Wikidata/MusicBrainz.,Ajouter une source publique ou média local fiable.,Compas,Fils de Coupé Cloué. Peu de sources indépendantes.,
40,Cubano,"PROBABLE - haïtien, source à ajouter",Peut rester provisoirement,68,Base interne / notes existantes,solo,Dataset interne,,,Artiste compas haïtien. Sources limitées.,Chercher une source publique avant de passer en vérifié.,Compas,Artiste compas haïtien. Sources limitées.,
41,Dady (Les Cayes),"PROBABLE - haïtien, source à ajouter",Peut rester provisoirement,68,Base interne / notes existantes,solo,Dataset interne,,,Artiste compas régional Les Cayes. Sources limitées.,Chercher une source publique avant de passer en vérifié.,Compas,Artiste compas régional Les Cayes. Sources limitées.,
42,Daly,"PROBABLE - haïtien, source à ajouter",Peut rester provisoirement,68,Base interne / notes existantes,solo,Dataset interne,,,Artiste compas haïtien. Sources limitées.,Chercher une source publique avant de passer en vérifié.,Compas,Artiste compas haïtien. Sources limitées.,
43,Daniel Estimé,"PROBABLE - haïtien, source à ajouter",Peut rester provisoirement,70,Base interne / notes existantes,solo,Dataset interne,,,Artiste gospel haïtien.,Chercher une source publique avant de passer en vérifié.,Gospel,Artiste gospel haïtien.,
44,Daphnée Charles,"PROBABLE - haïtien, source à ajouter",Peut rester provisoirement,70,Base interne / notes existantes,solo,Dataset interne,,,Chanteuse gospel haïtienne.,Chercher une source publique avant de passer en vérifié.,Gospel,Chanteuse gospel haïtienne.,
45,David Dupont Bongarde,"PROBABLE - haïtien, source à ajouter",Peut rester provisoirement,60,"Indice haïtien dans les notes, sans source publique",solo,,,,Aucune preuve structurée claire trouvee dans Wikidata/MusicBrainz.,Ajouter une source publique ou média local fiable.,Compas,Artiste compas. Sources limitées.,
46,D-Fi,"PROBABLE - groupe haïtien, source à ajouter",Peut rester provisoirement,68,Base interne / notes existantes,groupe/collectif,Dataset interne,,,Groupe compas haïtien.,Chercher une source publique avant de passer en vérifié.,Compas,Groupe compas haïtien.,
47,DJ Swetty Tet,"PROBABLE - haïtien, source à ajouter",Peut rester provisoirement,70,Base interne / notes existantes,solo,Dataset interne,,,DJ rabòday haïtien. Sources limitées.,Chercher une source publique avant de passer en vérifié.,"DJ, Rabòday",DJ rabòday haïtien. Sources limitées.,
48,Djazz La,"PROBABLE - haïtien, source à ajouter",Peut rester provisoirement,68,Base interne / notes existantes,solo,Dataset interne,,,Formation compas/jazz haïtienne. Sources limitées.,Chercher une source publique avant de passer en vérifié.,"Compas, Jazz",Formation compas/jazz haïtienne. Sources limitées.,
49,Djo Lissaint,"PROBABLE - haïtien, source à ajouter",Peut rester provisoirement,68,Base interne / notes existantes,solo,Dataset interne,,,Artiste haïtien historique. Sources insuffisantes.,Chercher une source publique avant de passer en vérifié.,"Twoubadou, Compas",Artiste haïtien historique. Sources insuffisantes.,
50,Dòf,"PROBABLE - haïtien, source à ajouter",Peut rester provisoirement,60,"Indice haïtien dans les notes, sans source publique",solo,,,,Aucune preuve structurée claire trouvee dans Wikidata/MusicBrainz.,Ajouter une source publique ou média local fiable.,Compas,Artiste compas. Sources limitées.,
51,Dread Jimi,"PROBABLE - haïtien, source à ajouter",Peut rester provisoirement,70,Base interne / notes existantes,solo,Dataset interne,,,Artiste reggae haïtien. Sources limitées.,Chercher une source publique avant de passer en vérifié.,Reggae,Artiste reggae haïtien. Sources limitées.,
52,Dread Pyè,"PROBABLE - haïtien, source à ajouter",Peut rester provisoirement,70,Base interne / notes existantes,solo,Dataset interne,,,Artiste reggae haïtien. Sources limitées.,Chercher une source publique avant de passer en vérifié.,"Reggae, Racine",Artiste reggae haïtien. Sources limitées.,
53,Dro (producteur HT),"PROBABLE - haïtien, source à ajouter",Peut rester provisoirement,65,Base interne / notes existantes,solo,Dataset interne,,,Producteur haïtien. Sources limitées.,Chercher une source publique avant de passer en vérifié.,"Production, Trap",Producteur haïtien. Sources limitées.,
54,Dro Fe,"PROBABLE - haïtien, source à ajouter",Peut rester provisoirement,65,Base interne / notes existantes,solo,Dataset interne,,,Rappeur diaspora haïtienne. Sources limitées.,Chercher une source publique avant de passer en vérifié.,"Hip-Hop, Trap",Rappeur diaspora haïtienne. Sources limitées.,
55,Dutty,À VÉRIFIER - homonyme probable,Ne pas rejeter/valider sans contrôle,50,Source trouvée probablement sur un autre artiste,solo,Wikidata/Wikipedia,https://www.wikidata.org/wiki/Q1268017,,Dutty Boukman: early leader of Haitian Revolution. Preuves: Jamaica; Senegambia Confederation.,Vérifier manuellement le bon artiste; la source trouvée ne semble pas correspondre.,Rap Kreyòl,Rappeur haïtien. Ne pas confondre avec Dutty Boukman Eksperyans (batch-005).,
56,Eddy Brisseaux,"PROBABLE - haïtien, source à ajouter",Peut rester provisoirement,72,Base interne / notes existantes,solo,Dataset interne,,,Musicien compas haïtien.,Chercher une source publique avant de passer en vérifié.,Compas,Musicien compas haïtien.,
57,Eliézer,"PROBABLE - haïtien, source à ajouter",Peut rester provisoirement,68,Base interne / notes existantes,solo,Dataset interne,,,Artiste gospel haïtien. Sources limitées.,Chercher une source publique avant de passer en vérifié.,Gospel,Artiste gospel haïtien. Sources limitées.,
58,Élisabeth Préval,"PROBABLE - haïtien, source à ajouter",Peut rester provisoirement,68,Base interne / notes existantes,solo,Dataset interne,,,Artiste haïtienne. Sources limitées.,Chercher une source publique avant de passer en vérifié.,"Compas, Pop",Artiste haïtienne. Sources limitées.,
59,Emeline Pierre,"PROBABLE - haïtien, source à ajouter",Peut rester provisoirement,68,Base interne / notes existantes,solo,Dataset interne,,,Haitian gospel artist. Limited sources.,Chercher une source publique avant de passer en vérifié.,Gospel,Haitian gospel artist. Limited sources.,
60,Emmelie Prophète,"OUI - haïtien confirmé, rôle musical à vérifier",À vérifier - rôle musical non confirmé,75,Source publique confirme Haïti mais pas le rôle musical,solo,Wikidata/Wikipedia,https://www.wikidata.org/wiki/Q3053007,,Emmelie Prophète: Haitian journalist. Preuves: Haiti; Port-au-Prince.,Ne valider dans le catalogue musique qu'après preuve musicale.,Chanson,Écrivaine/chanteuse haïtienne. Activité musicale secondaire.,
61,Enold Armand,"PROBABLE - haïtien, source à ajouter",Peut rester provisoirement,70,Base interne / notes existantes,solo,Dataset interne,,,Musicien compas haïtien historique.,Chercher une source publique avant de passer en vérifié.,Compas,Musicien compas haïtien historique.,
62,Enposib (lead singer - Jean-Marc),"PROBABLE - haïtien, source à ajouter",Peut rester provisoirement,60,"Indice haïtien dans les notes, sans source publique",solo,,,,Aucune preuve structurée claire trouvee dans Wikidata/MusicBrainz.,Ajouter une source publique ou média local fiable.,Compas,Chanteur principal Enposib.,
63,Ericka Fleurival,"PROBABLE - haïtien, source à ajouter",Peut rester provisoirement,70,Base interne / notes existantes,solo,Dataset interne,,,Chanteuse gospel haïtienne.,Chercher une source publique avant de passer en vérifié.,Gospel,Chanteuse gospel haïtienne.,
64,Ernst Louis,"PROBABLE - haïtien, source à ajouter",Peut rester provisoirement,70,Base interne / notes existantes,solo,Dataset interne,,,Musicien compas haïtien.,Chercher une source publique avant de passer en vérifié.,Compas,Musicien compas haïtien.,
65,Etzer Vilaire (compas),"OUI - haïtien confirmé, rôle musical à vérifier",À vérifier - rôle musical non confirmé,75,Source publique confirme Haïti mais pas le rôle musical,solo,Wikidata/Wikipedia,https://www.wikidata.org/wiki/Q3059438,,Etzer Vilaire: Haitian poet. Preuves: Haiti; Jérémie.,Ne valider dans le catalogue musique qu'après preuve musicale.,Compas,Musicien compas haïtien.,
66,Evancia Barthélemy,"PROBABLE - haïtien, source à ajouter",Peut rester provisoirement,70,Base interne / notes existantes,solo,Dataset interne,,,Chanteuse gospel haïtienne.,Chercher une source publique avant de passer en vérifié.,Gospel,Chanteuse gospel haïtienne.,
67,Évangélisation par la Musique,"PROBABLE - groupe haïtien, source à ajouter",Peut rester provisoirement,72,Base interne / notes existantes,groupe/collectif,Dataset interne,,,Groupe gospel haïtien. Sources limitées.,Chercher une source publique avant de passer en vérifié.,Gospel,Groupe gospel haïtien. Sources limitées.,
68,Evenson Pierre,"PROBABLE - haïtien, source à ajouter",Peut rester provisoirement,72,Base interne / notes existantes,solo,Dataset interne,,,Artiste gospel haïtien. Sources limitées.,Chercher une source publique avant de passer en vérifié.,Gospel,Artiste gospel haïtien. Sources limitées.,
69,Fabien Pricis,"PROBABLE - haïtien, source à ajouter",Peut rester provisoirement,68,Base interne / notes existantes,solo,Dataset interne,,,Artiste gospel haïtien. Sources limitées.,Chercher une source publique avant de passer en vérifié.,Gospel,Artiste gospel haïtien. Sources limitées.,
70,Fatima,"PROBABLE - haïtien, source à ajouter",Peut rester provisoirement,72,Base interne / notes existantes,solo,Dataset interne,,,Artiste haïtienne. Sources limitées. Slug distinctif.,Chercher une source publique avant de passer en vérifié.,"Pop, Compas",Artiste haïtienne. Sources limitées. Slug distinctif.,
71,Flee Lord,"PROBABLE - haïtien, source à ajouter",Peut rester provisoirement,72,Base interne / notes existantes,solo,Dataset interne,,,Rappeur NYC. Origine haïtienne évoquée. À confirmer.,Chercher une source publique avant de passer en vérifié.,Hip-Hop,Rappeur NYC. Origine haïtienne évoquée. À confirmer.,
72,Flex (Haiti),"PROBABLE - haïtien, source à ajouter",Peut rester provisoirement,70,Base interne / notes existantes,solo,Dataset interne,,,Artiste compas haïtien émergent.,Chercher une source publique avant de passer en vérifié.,"Compas, Pop",Artiste compas haïtien émergent.,
73,Franck Lefèvre,"PROBABLE - haïtien, source à ajouter",Peut rester provisoirement,68,Base interne / notes existantes,solo,Dataset interne,,,Artiste gospel haïtien.,Chercher une source publique avant de passer en vérifié.,Gospel,Artiste gospel haïtien.,
74,Frantz Sephirin,"PROBABLE - haïtien, source à ajouter",Peut rester provisoirement,72,Base interne / notes existantes,solo,Dataset interne,,,Chanteur gospel haïtien.,Chercher une source publique avant de passer en vérifié.,Gospel,Chanteur gospel haïtien.,
75,Frap La,"PROBABLE - haïtien, source à ajouter",Peut rester provisoirement,70,Base interne / notes existantes,solo,Dataset interne,,,Artiste rabòday/rap haïtien. Sources limitées.,Chercher une source publique avant de passer en vérifié.,"Rabòday, Rap Kreyòl",Artiste rabòday/rap haïtien. Sources limitées.,
76,Fré Gabe,"PROBABLE - haïtien, source à ajouter",Peut rester provisoirement,70,Base interne / notes existantes,solo,Dataset interne,,,Chanteur gospel haïtien. Sources limitées.,Chercher une source publique avant de passer en vérifié.,Gospel,Chanteur gospel haïtien. Sources limitées.,
77,Frère Tob,"PROBABLE - haïtien, source à ajouter",Peut rester provisoirement,68,Base interne / notes existantes,solo,Dataset interne,,,Chanteur gospel haïtien.,Chercher une source publique avant de passer en vérifié.,Gospel,Chanteur gospel haïtien.,
78,Fréro,À VÉRIFIER - homonyme probable,Ne pas rejeter/valider sans contrôle,50,Source trouvée probablement sur un autre artiste,solo,Wikidata/Wikipedia,https://www.wikidata.org/wiki/Q12890810,,Frero Jean-Baptiste: Haitian artist. Preuves: Haiti.,Vérifier manuellement le bon artiste; la source trouvée ne semble pas correspondre.,"Compas, Pop",Artiste compas haïtien. Sources limitées.,
79,Fresh Gospel,"PROBABLE - groupe haïtien, source à ajouter",Peut rester provisoirement,65,Base interne / notes existantes,groupe/collectif,Dataset interne,,,Groupe gospel haïtien. Sources limitées.,Chercher une source publique avant de passer en vérifié.,Gospel,Groupe gospel haïtien. Sources limitées.,
80,G La,"PROBABLE - haïtien, source à ajouter",Peut rester provisoirement,68,Base interne / notes existantes,solo,Dataset interne,,,Artiste rabòday haïtien. Sources limitées.,Chercher une source publique avant de passer en vérifié.,Rabòday,Artiste rabòday haïtien. Sources limitées.,
81,Gabel Tony,"PROBABLE - haïtien, source à ajouter",Peut rester provisoirement,70,Base interne / notes existantes,solo,Dataset interne,,,Artiste compas haïtien associé à Gabel. Sources limitées.,Chercher une source publique avant de passer en vérifié.,Compas,Artiste compas haïtien associé à Gabel. Sources limitées.,
82,Garcia Delva,"PROBABLE - haïtien, source à ajouter",Peut rester provisoirement,70,Base interne / notes existantes,solo,Dataset interne,,,Politicien/musicien haïtien. Sources musicales limitées.,Chercher une source publique avant de passer en vérifié.,Compas,Politicien/musicien haïtien. Sources musicales limitées.,
83,Gary French,"PROBABLE - haïtien, source à ajouter",Peut rester provisoirement,60,"Indice haïtien dans les notes, sans source publique",solo,,,,Aucune preuve structurée claire trouvee dans Wikidata/MusicBrainz.,Ajouter une source publique ou média local fiable.,"Compas, Pop",Artiste compas. Sources limitées.,
84,Gérald Altéus,"PROBABLE - haïtien, source à ajouter",Peut rester provisoirement,72,Base interne / notes existantes,solo,Dataset interne,,,Artiste twoubadou haïtien.,Chercher une source publique avant de passer en vérifié.,"Twoubadou, Chanson",Artiste twoubadou haïtien.,
85,Gérard Daniel,OUI - haïtien confirmé,OK musical,95,Source publique,solo,Wikidata/Wikipedia,https://www.wikidata.org/wiki/Q131844192,https://www.wikidata.org/wiki/Q705546,Gérard Daniel: Haitian saxophonist. Preuves: Haiti; Port-au-Prince.,Garder dans le catalogue.,Compas,Musicien compas haïtien historique.,
86,Gétro Guevara,"PROBABLE - groupe haïtien, source à ajouter",Peut rester provisoirement,70,Base interne / notes existantes,groupe/collectif,Dataset interne,,,Artiste gospel haïtien. Sources limitées.,Chercher une source publique avant de passer en vérifié.,"Gospel, Worship",Artiste gospel haïtien. Sources limitées.,
87,Ginou Thylma,"PROBABLE - groupe haïtien, source à ajouter",Peut rester provisoirement,72,Base interne / notes existantes,groupe/collectif,Dataset interne,,,Chanteuse gospel haïtienne.,Chercher une source publique avant de passer en vérifié.,"Gospel, Worship",Chanteuse gospel haïtienne.,
88,Gonzales,À VÉRIFIER - homonyme probable,Ne pas rejeter/valider sans contrôle,50,Source trouvée probablement sur un autre artiste,solo,Wikidata,https://www.wikidata.org/wiki/Q1532874,,Chilly Gonzales: Canadian musician. Pays/citoyennete indiquee: Canada.,Vérifier manuellement le bon artiste; la source trouvée ne semble pas correspondre.,Compas,Artiste compas haïtien. Sources limitées.,
89,Gonzalo Teppa Haiti,"PROBABLE - haïtien, source à ajouter",Peut rester provisoirement,60,"Indice haïtien dans les notes, sans source publique",solo,,,,Aucune preuve structurée claire trouvee dans Wikidata/MusicBrainz.,Ajouter une source publique ou média local fiable.,"Compas, World",Musicien compas/world. Sources limitées.,
90,Grâce Divine (worship),À VÉRIFIER - homonyme probable,Ne pas rejeter/valider sans contrôle,50,Source trouvée probablement sur un autre artiste,groupe/collectif,Wikidata,https://www.wikidata.org/wiki/Q100253736,,Grace Divine: American singer (1900–1980). Pays/citoyennete indiquee: United States.,Vérifier manuellement le bon artiste; la source trouvée ne semble pas correspondre.,"Gospel, Worship",Groupe worship haïtien.,
91,G-Unit Haiti,"PROBABLE - groupe haïtien, source à ajouter",Peut rester provisoirement,60,"Indice haïtien dans les notes, sans source publique",groupe/collectif,,,,Aucune preuve structurée claire trouvee dans Wikidata/MusicBrainz.,Ajouter une source publique ou média local fiable.,Rap Kreyòl,Groupe rap. Sources insuffisantes pour vérification complète.,
92,Haïti Louange,"PROBABLE - groupe haïtien, source à ajouter",Peut rester provisoirement,68,Base interne / notes existantes,groupe/collectif,Dataset interne,,,Groupe worship haïtien. Sources limitées.,Chercher une source publique avant de passer en vérifié.,"Gospel, Worship",Groupe worship haïtien. Sources limitées.,
93,Haitian J.R.,"PROBABLE - haïtien, source à ajouter",Peut rester provisoirement,72,Base interne / notes existantes,solo,Dataset interne,,,Rappeur haïtien. Sources limitées.,Chercher une source publique avant de passer en vérifié.,Rap Kreyòl,Rappeur haïtien. Sources limitées.,
94,Harold and The Hit Makers,"PROBABLE - groupe haïtien, source à ajouter",Peut rester provisoirement,70,Base interne / notes existantes,groupe/collectif,Dataset interne,,,Groupe compas haïtien.,Chercher une source publique avant de passer en vérifié.,Compas,Groupe compas haïtien.,
95,Harold Isaac,"PROBABLE - groupe haïtien, source à ajouter",Peut rester provisoirement,72,Base interne / notes existantes,groupe/collectif,Dataset interne,,,Chanteur gospel haïtien.,Chercher une source publique avant de passer en vérifié.,"Gospel, Worship",Chanteur gospel haïtien.,
96,Harold Lamy,"PROBABLE - haïtien, source à ajouter",Peut rester provisoirement,72,Base interne / notes existantes,solo,Dataset interne,,,Musicien compas haïtien.,Chercher une source publique avant de passer en vérifié.,Compas,Musicien compas haïtien.,
97,Hernandez (3K),À VÉRIFIER - preuve publique insuffisante,Recherche manuelle requise,55,Source publique manquante,solo,,,,Aucune preuve structurée claire trouvee dans Wikidata/MusicBrainz.,Chercher une source indépendante avant validation.,"Hip-Hop, Trap",Rappeur diaspora. Sources limitées.,
98,Impact Gospel,"PROBABLE - groupe haïtien, source à ajouter",Peut rester provisoirement,68,Base interne / notes existantes,groupe/collectif,Dataset interne,,,Groupe gospel haïtien.,Chercher une source publique avant de passer en vérifié.,Gospel,Groupe gospel haïtien.,
99,Jackson Noël,"PROBABLE - haïtien, source à ajouter",Peut rester provisoirement,70,Base interne / notes existantes,solo,Dataset interne,,,Artiste compas haïtien.,Chercher une source publique avant de passer en vérifié.,Compas,Artiste compas haïtien.,
100,Jako (Ti-Jako),"PROBABLE - haïtien, source à ajouter",Peut rester provisoirement,68,Base interne / notes existantes,solo,Dataset interne,,,Artiste compas haïtien. Sources limitées.,Chercher une source publique avant de passer en vérifié.,Compas,Artiste compas haïtien. Sources limitées.,
101,James The Prophet,"PROBABLE - groupe haïtien, source à ajouter",Peut rester provisoirement,60,"Indice haïtien dans les notes, sans source publique",groupe/collectif,,,,Aucune preuve structurée claire trouvee dans Wikidata/MusicBrainz.,Ajouter une source publique ou média local fiable.,"Gospel, Worship",Artiste gospel diaspora. Sources limitées.,
102,Jay Nahge,"PROBABLE - haïtien, source à ajouter",Peut rester provisoirement,70,Base interne / notes existantes,solo,Dataset interne,,,Rappeur américain d'origine haïtienne.,Chercher une source publique avant de passer en vérifié.,"Hip-Hop, Trap",Rappeur américain d'origine haïtienne.,
103,Jean Alix Pascal,"PROBABLE - haïtien, source à ajouter",Peut rester provisoirement,70,Base interne / notes existantes,solo,Dataset interne,,,Musicien compas haïtien historique.,Chercher une source publique avant de passer en vérifié.,Compas,Musicien compas haïtien historique.,
104,Jean Erich René,"PROBABLE - haïtien, source à ajouter",Peut rester provisoirement,70,Base interne / notes existantes,solo,Dataset interne,,,Musicien haïtien historique.,Chercher une source publique avant de passer en vérifié.,"Compas, Jazz",Musicien haïtien historique.,
105,Jean Gardy Bien-Aimé,"OUI - haïtien confirmé, rôle musical à vérifier",À vérifier - rôle musical non confirmé,75,Source publique confirme Haïti mais pas le rôle musical,solo,Wikidata/Wikipedia,https://www.wikidata.org/wiki/Q12891913,,Jean Gardy: Haitian film director. Preuves: Haiti.,Ne valider dans le catalogue musique qu'après preuve musicale.,Gospel,Chanteur gospel haïtien.,
106,Jean Jean Pierre Gospel,OUI - haïtien confirmé,OK musical,95,Source publique,solo,Wikidata/Wikipedia,https://www.wikidata.org/wiki/Q16946584,,Jean Jean-Pierre: Haitian musician. Preuves: Haiti.,Garder dans le catalogue.,Gospel,Artiste gospel haïtien. Sources limitées.,
107,Jean Thomas (Ti-Jean),"PROBABLE - haïtien, source à ajouter",Peut rester provisoirement,68,Base interne / notes existantes,solo,Dataset interne,,,Artiste twoubadou haïtien historique. Sources limitées.,Chercher une source publique avant de passer en vérifié.,Twoubadou,Artiste twoubadou haïtien historique. Sources limitées.,
108,Jean Winer,"PROBABLE - haïtien, source à ajouter",Peut rester provisoirement,72,Base interne / notes existantes,solo,Dataset interne,,,Producteur/musicien compas haïtien.,Chercher une source publique avant de passer en vérifié.,"Compas, Production",Producteur/musicien compas haïtien.,
109,Jean-Claude Martineau,"PROBABLE - haïtien, source à ajouter",Peut rester provisoirement,72,Base interne / notes existantes,solo,Dataset interne,,,Poète/chanteur haïtien. Frontière chanson/poésie.,Chercher une source publique avant de passer en vérifié.,"Chanson, Poésie musicale",Poète/chanteur haïtien. Frontière chanson/poésie.,
110,Jean-Michel St. Preux,"PROBABLE - haïtien, source à ajouter",Peut rester provisoirement,72,Base interne / notes existantes,solo,Dataset interne,,,Musicien compas haïtien.,Chercher une source publique avant de passer en vérifié.,Compas,Musicien compas haïtien.,
111,Jeff (5Lan),"PROBABLE - groupe haïtien, source à ajouter",Peut rester provisoirement,60,"Indice haïtien dans les notes, sans source publique",groupe/collectif,,,,Aucune preuve structurée claire trouvee dans Wikidata/MusicBrainz.,Ajouter une source publique ou média local fiable.,Compas,Membre du groupe 5Lan. Sources limitées.,
112,Jimmy O,OUI - haïtien confirmé,OK musical,95,Source publique,solo,Wikidata/Wikipedia,https://www.wikidata.org/wiki/Q1183504,,Jimmy O: Haitian hip hop artist (1974–2010). Preuves: Haiti; Port-au-Prince.,Garder dans le catalogue.,Compas,Artiste compas haïtien. Sources limitées.,
113,Jocelyne Béroard,NON - autre nationalité confirmée,À retirer sauf collaboration/actualité liée,92,Source publique,solo non haïtien,Wikipedia / Le Monde,https://en.wikipedia.org/wiki/Jocelyne_B%C3%A9roard,https://www.lemonde.fr/culture/article/2024/05/15/jocelyne-beroard-veut-entretenir-la-memoire-de-jacob-desvarieux_6233482_3246.html,"Source publique: chanteuse française née en Martinique, connue avec Kassav'.",Ne pas classer comme artiste haïtienne.,"Zouk, Compas",Kassav'. Martiniquaise. Origine haïtienne partielle non confirmée.,
114,Joe Praize Haiti,À VÉRIFIER - homonyme probable,Ne pas rejeter/valider sans contrôle,50,Source trouvée probablement sur un autre artiste,solo,Wikidata,https://www.wikidata.org/wiki/Q26704658,,Joe Praize: musical artist. Pays/citoyennete indiquee: Nigeria.,Vérifier manuellement le bon artiste; la source trouvée ne semble pas correspondre.,Gospel,Artiste gospel haïtien. Sources limitées.,
115,Joel Dejean,"PROBABLE - groupe haïtien, source à ajouter",Peut rester provisoirement,72,Base interne / notes existantes,groupe/collectif,Dataset interne,,,Chanteur gospel haïtien.,Chercher une source publique avant de passer en vérifié.,"Gospel, Worship",Chanteur gospel haïtien.,
116,Joël Lochard,"PROBABLE - haïtien, source à ajouter",Peut rester provisoirement,72,Base interne / notes existantes,solo,Dataset interne,,,Musicien haïtien. Sources limitées.,Chercher une source publique avant de passer en vérifié.,"Compas, Jazz",Musicien haïtien. Sources limitées.,
117,Johnny Francois,"PROBABLE - haïtien, source à ajouter",Peut rester provisoirement,68,Base interne / notes existantes,solo,Dataset interne,,,Artiste compas haïtien. Sources limitées.,Chercher une source publique avant de passer en vérifié.,Compas,Artiste compas haïtien. Sources limitées.,
118,Jonathan Seymour,"PROBABLE - haïtien, source à ajouter",Peut rester provisoirement,72,Base interne / notes existantes,solo,Dataset interne,,,Artiste gospel haïtien.,Chercher une source publique avant de passer en vérifié.,Gospel,Artiste gospel haïtien.,
119,Joseph Augustin,"PROBABLE - haïtien, source à ajouter",Peut rester provisoirement,70,Base interne / notes existantes,solo,Dataset interne,,,Artiste gospel haïtien.,Chercher une source publique avant de passer en vérifié.,"Gospel, Chanson",Artiste gospel haïtien.,
120,Jude (producteur),"PROBABLE - haïtien, source à ajouter",Peut rester provisoirement,70,Base interne / notes existantes,solo,Dataset interne,,,Producteur haïtien. Sources limitées.,Chercher une source publique avant de passer en vérifié.,"Production, Compas",Producteur haïtien. Sources limitées.,
121,Jude Célestin,"OUI - haïtien confirmé, rôle musical à vérifier",À vérifier - rôle musical non confirmé,75,Source publique confirme Haïti mais pas le rôle musical,solo,Wikidata/Wikipedia,https://www.wikidata.org/wiki/Q3297560,,Jude Célestin: Haitian politician. Preuves: Haiti; Port-au-Prince.,Ne valider dans le catalogue musique qu'après preuve musicale.,Gospel,Chanteur gospel haïtien.,
122,Jude Deslouches,"PROBABLE - haïtien, source à ajouter",Peut rester provisoirement,70,Base interne / notes existantes,solo,Dataset interne,,,Musicien/producteur haïtien diaspora.,Chercher une source publique avant de passer en vérifié.,"Jazz, Production",Musicien/producteur haïtien diaspora.,
123,Kadans,À VÉRIFIER - homonyme probable,Ne pas rejeter/valider sans contrôle,50,Source trouvée probablement sur un autre artiste,solo,Wikidata/Wikipedia,https://www.wikidata.org/wiki/Q3191747,,cadence rampa: genre of méringue music. Preuves: Haiti.,Vérifier manuellement le bon artiste; la source trouvée ne semble pas correspondre.,"Compas, Pop",Peu de sources. À vérifier.,
124,Kado,"PROBABLE - haïtien, source à ajouter",Peut rester provisoirement,68,Base interne / notes existantes,solo,Dataset interne,,,Artiste compas haïtien. Sources limitées.,Chercher une source publique avant de passer en vérifié.,Compas,Artiste compas haïtien. Sources limitées.,
125,Karaoké Band,"PROBABLE - groupe haïtien, source à ajouter",Peut rester provisoirement,65,Base interne / notes existantes,groupe/collectif,Dataset interne,,,Groupe compas haïtien. Sources limitées.,Chercher une source publique avant de passer en vérifié.,Compas,Groupe compas haïtien. Sources limitées.,
126,Karizma (gospel Haiti),À VÉRIFIER - homonyme probable,Ne pas rejeter/valider sans contrôle,50,Source trouvée probablement sur un autre artiste,groupe/collectif,Wikidata,https://www.wikidata.org/wiki/Q13575631,,Karizma: American musician. Pays/citoyennete indiquee: United States.,Vérifier manuellement le bon artiste; la source trouvée ne semble pas correspondre.,Gospel,Groupe gospel haïtien.,
127,King Kino,"PROBABLE - haïtien, source à ajouter",Peut rester provisoirement,72,Base interne / notes existantes,solo,Dataset interne,,,Artiste compas haïtien. Sources limitées.,Chercher une source publique avant de passer en vérifié.,Compas,Artiste compas haïtien. Sources limitées.,
128,King Richard,"PROBABLE - haïtien, source à ajouter",Peut rester provisoirement,68,Base interne / notes existantes,solo,Dataset interne,,,Artiste compas haïtien. Sources limitées.,Chercher une source publique avant de passer en vérifié.,Compas,Artiste compas haïtien. Sources limitées.,
129,Kite-M La,"PROBABLE - groupe haïtien, source à ajouter",Peut rester provisoirement,65,Base interne / notes existantes,groupe/collectif,Dataset interne,,,Groupe compas haïtien. Sources limitées.,Chercher une source publique avant de passer en vérifié.,Compas,Groupe compas haïtien. Sources limitées.,
130,Klèb (Klass),"PROBABLE - groupe haïtien, source à ajouter",Peut rester provisoirement,60,"Indice haïtien dans les notes, sans source publique",groupe/collectif,,,,Aucune preuve structurée claire trouvee dans Wikidata/MusicBrainz.,Ajouter une source publique ou média local fiable.,Compas,Musicien du groupe Klass.,
131,Kompa direct,"PROBABLE - haïtien, source à ajouter",Peut rester provisoirement,60,"Indice haïtien dans les notes, sans source publique",solo,,,,Aucune preuve structurée claire trouvee dans Wikidata/MusicBrainz.,Ajouter une source publique ou média local fiable.,Compas,Ensemble historique de Nemours. Confusion possible avec le genre.,
132,Kompa Magazine Band,"PROBABLE - groupe haïtien, source à ajouter",Peut rester provisoirement,60,"Indice haïtien dans les notes, sans source publique",groupe/collectif,,,,Aucune preuve structurée claire trouvee dans Wikidata/MusicBrainz.,Ajouter une source publique ou média local fiable.,Compas,Groupe compas. Sources limitées.,
133,Konbit Lakay,"PROBABLE - groupe haïtien, source à ajouter",Peut rester provisoirement,72,Base interne / notes existantes,groupe/collectif,Dataset interne,,,Groupe gospel haïtien.,Chercher une source publique avant de passer en vérifié.,"Gospel, Worship",Groupe gospel haïtien.,
134,Kwame Nkrumah-Acheampong,NON - autre nationalité confirmée,À retirer - pas artiste musical,96,Source publique,personne non musicale,Wikipedia,https://en.wikipedia.org/wiki/Kwame_Nkrumah-Acheampong,,"Source publique: skieur ghanéen, pas artiste musical haïtien.",Retirer du catalogue artistes HMI.,"Jazz, Production",Musicien diaspora. Sources limitées.,
135,La Chapelle (gospel),"PROBABLE - groupe haïtien, source à ajouter",Peut rester provisoirement,70,Base interne / notes existantes,groupe/collectif,Dataset interne,,,Groupe worship haïtien. Sources limitées.,Chercher une source publique avant de passer en vérifié.,"Gospel, Worship",Groupe worship haïtien. Sources limitées.,
136,Laguerre Bossou,"PROBABLE - haïtien, source à ajouter",Peut rester provisoirement,65,Base interne / notes existantes,solo,Dataset interne,,,Artiste gospel haïtien. Sources limitées.,Chercher une source publique avant de passer en vérifié.,Gospel,Artiste gospel haïtien. Sources limitées.,
137,Larose,"PROBABLE - haïtien, source à ajouter",Peut rester provisoirement,70,Base interne / notes existantes,solo,Dataset interne,,,Artiste compas haïtien. Sources limitées.,Chercher une source publique avant de passer en vérifié.,Compas,Artiste compas haïtien. Sources limitées.,
138,Le Konpa,"PROBABLE - groupe haïtien, source à ajouter",Peut rester provisoirement,68,Base interne / notes existantes,groupe/collectif,Dataset interne,,,Groupe compas haïtien. Sources limitées.,Chercher une source publique avant de passer en vérifié.,Compas,Groupe compas haïtien. Sources limitées.,
139,Leaf,"PROBABLE - haïtien, source à ajouter",Peut rester provisoirement,65,Base interne / notes existantes,solo,Dataset interne,,,Artiste diaspora. Origine haïtienne non confirmée.,Chercher une source publique avant de passer en vérifié.,"Hip-Hop, R&B",Artiste diaspora. Origine haïtienne non confirmée.,
140,Lenky Marsden,"PROBABLE - haïtien, source à ajouter",Peut rester provisoirement,62,Base interne / notes existantes,solo,Dataset interne,,,Producteur. Origine haïtienne non confirmée.,Chercher une source publique avant de passer en vérifié.,"Hip-Hop, Production",Producteur. Origine haïtienne non confirmée.,
141,Levanjil,"PROBABLE - groupe haïtien, source à ajouter",Peut rester provisoirement,68,Base interne / notes existantes,groupe/collectif,Dataset interne,,,Groupe gospel haïtien.,Chercher une source publique avant de passer en vérifié.,Gospel,Groupe gospel haïtien.,
142,Lil Kev,"PROBABLE - haïtien, source à ajouter",Peut rester provisoirement,68,Base interne / notes existantes,solo,Dataset interne,,,Rappeur haïtien. Sources limitées.,Chercher une source publique avant de passer en vérifié.,"Rap Kreyòl, Trap",Rappeur haïtien. Sources limitées.,
143,Lil Uzi Vert,NON - autre nationalité confirmée,À retirer sauf collaboration,82,Source publique,solo non haïtien,Wikidata,https://www.wikidata.org/wiki/Q23771950,,Lil Uzi Vert: American rapper. Pays/citoyennete indiquee: United States.,"Retirer du catalogue haïtien, sauf rôle de collaboration explicitement documenté.","Hip-Hop, Trap, Punk Rap",Symere Bysil Woods. Origine haïtienne parfois mentionnée mais non confirmée officiellement.,
144,Liliking,"PROBABLE - haïtien, source à ajouter",Peut rester provisoirement,72,Base interne / notes existantes,solo,Dataset interne,,,Rappeur haïtien. Sources limitées.,Chercher une source publique avant de passer en vérifié.,"Rap Kreyòl, Trap",Rappeur haïtien. Sources limitées.,
145,Louissaint Voltaire,"PROBABLE - haïtien, source à ajouter",Peut rester provisoirement,68,Base interne / notes existantes,solo,Dataset interne,,,Artiste gospel haïtien. Sources limitées.,Chercher une source publique avant de passer en vérifié.,Gospel,Artiste gospel haïtien. Sources limitées.,
146,Lyonel Bénoit,"PROBABLE - haïtien, source à ajouter",Peut rester provisoirement,72,Base interne / notes existantes,solo,Dataset interne,,,Artiste haïtien historique.,Chercher une source publique avant de passer en vérifié.,"Compas, Twoubadou",Artiste haïtien historique.,
147,M.I.A. (rapper),NON - autre nationalité confirmée,À retirer sauf collaboration,82,Source publique,solo non haïtien,Wikidata,https://www.wikidata.org/wiki/Q204019,,M.I.A.: British singer and rapper (born 1975). Pays/citoyennete indiquee: Sri Lanka; United Kingdom.,"Retirer du catalogue haïtien, sauf rôle de collaboration explicitement documenté.",Hip-Hop,Pas Mathangi. Rappeuse Miami diaspora haïtienne. Sources limitées.,
148,Maestro,"PROBABLE - haïtien, source à ajouter",Peut rester provisoirement,60,"Indice haïtien dans les notes, sans source publique",solo,,,,Aucune preuve structurée claire trouvee dans Wikidata/MusicBrainz.,Ajouter une source publique ou média local fiable.,Compas,Artiste compas. Homonyme possible. Sources limitées.,
149,Maffio,NON - autre nationalité confirmée,À retirer sauf collaboration,82,Source publique,solo non haïtien,Wikidata,https://www.wikidata.org/wiki/Q63341235,,"Maffio: Dominican music producer, composer and musician. Pays/citoyennete indiquee: Dominican Republic.","Retirer du catalogue haïtien, sauf rôle de collaboration explicitement documenté.","Reggaeton, Latin, Production",Rafael De Jesus Vargas. Dominicain-Américain. PAS clairement haïtien. À vérifier.,
150,Maia Vidal,NON - autre nationalité confirmée,À retirer sauf collaboration,82,Source publique,solo non haïtien,Wikidata,https://www.wikidata.org/wiki/Q6799155,,Maïa Vidal: American singer-songwriter. Pays/citoyennete indiquee: United States.,"Retirer du catalogue haïtien, sauf rôle de collaboration explicitement documenté.","Indie Pop, Folk",Artiste américaine. Ascendance haïtienne partielle. Sources limitées.,
151,Major Myjah,NON - autre nationalité confirmée,À retirer sauf collaboration,92,Source publique,solo non haïtien,Wikipedia,https://en.wikipedia.org/wiki/Major_Myjah,,"Source publique: musicien jamaïcain-américain, origine Jamaïque/Miami.",Retirer comme artiste haïtien; garder seulement si collaboration haïtienne documentée.,"Hip-Hop, Dancehall",Artiste diaspora. Sources limitées.,
152,Makila,"PROBABLE - haïtien, source à ajouter",Peut rester provisoirement,70,Base interne / notes existantes,solo,Dataset interne,,,Rappeur haïtien émergent.,Chercher une source publique avant de passer en vérifié.,Rap Kreyòl,Rappeur haïtien émergent.,
153,Manès Mesidor,"PROBABLE - haïtien, source à ajouter",Peut rester provisoirement,70,Base interne / notes existantes,solo,Dataset interne,,,Musicien compas haïtien.,Chercher une source publique avant de passer en vérifié.,Compas,Musicien compas haïtien.,
154,Manouchka,"PROBABLE - haïtien, source à ajouter",Peut rester provisoirement,72,Base interne / notes existantes,solo,Dataset interne,,,Chanteuse haïtienne. Sources limitées.,Chercher une source publique avant de passer en vérifié.,"Compas, Pop",Chanteuse haïtienne. Sources limitées.,
155,Manouchka Duret,"PROBABLE - haïtien, source à ajouter",Peut rester provisoirement,72,Base interne / notes existantes,solo,Dataset interne,,,Chanteuse gospel haïtienne.,Chercher une source publique avant de passer en vérifié.,Gospel,Chanteuse gospel haïtienne.,
156,Manzè Bèl Nan Pwen,"PROBABLE - haïtien, source à ajouter",Peut rester provisoirement,65,Base interne / notes existantes,solo,Dataset interne,,,Artiste haïtienne. Sources limitées.,Chercher une source publique avant de passer en vérifié.,Compas,Artiste haïtienne. Sources limitées.,
157,Manzè Karabela,"PROBABLE - haïtien, source à ajouter",Peut rester provisoirement,68,Base interne / notes existantes,solo,Dataset interne,,,Artiste haïtienne. Sources limitées.,Chercher une source publique avant de passer en vérifié.,"Rabòday, Pop",Artiste haïtienne. Sources limitées.,
158,Manzè Mètdam,"PROBABLE - haïtien, source à ajouter",Peut rester provisoirement,68,Base interne / notes existantes,solo,Dataset interne,,,Artiste rabòday féminine haïtienne. Sources limitées.,Chercher une source publique avant de passer en vérifié.,Rabòday,Artiste rabòday féminine haïtienne. Sources limitées.,
159,Marc Antoine,"PROBABLE - haïtien, source à ajouter",Peut rester provisoirement,72,Base interne / notes existantes,solo,Dataset interne,,,Guitariste pop. Origine haïtienne partielle. À confirmer.,Chercher une source publique avant de passer en vérifié.,"Pop, R&B",Guitariste pop. Origine haïtienne partielle. À confirmer.,
160,Marc Arthur Pierre,"PROBABLE - haïtien, source à ajouter",Peut rester provisoirement,70,Base interne / notes existantes,solo,Dataset interne,,,Chanteur gospel haïtien.,Chercher une source publique avant de passer en vérifié.,Gospel,Chanteur gospel haïtien.,
161,Marc Herman Benjamin,"PROBABLE - haïtien, source à ajouter",Peut rester provisoirement,68,Base interne / notes existantes,solo,Dataset interne,,,Artiste gospel haïtien.,Chercher une source publique avant de passer en vérifié.,Gospel,Artiste gospel haïtien.,
162,Marc-Antoine Auguste,"PROBABLE - haïtien, source à ajouter",Peut rester provisoirement,72,Base interne / notes existantes,solo,Dataset interne,,,Musicien jazz haïtien.,Chercher une source publique avant de passer en vérifié.,"Jazz, Classique",Musicien jazz haïtien.,
163,Marie-Yolène Gilles,"PROBABLE - haïtien, source à ajouter",Peut rester provisoirement,70,Base interne / notes existantes,solo,Dataset interne,,,Chanteuse gospel haïtienne.,Chercher une source publique avant de passer en vérifié.,Gospel,Chanteuse gospel haïtienne.,
164,Mass (compositeur),"PROBABLE - haïtien, source à ajouter",Peut rester provisoirement,68,Base interne / notes existantes,solo,Dataset interne,,,Compositeur compas haïtien. Sources limitées.,Chercher une source publique avant de passer en vérifié.,Compas,Compositeur compas haïtien. Sources limitées.,
165,Mass Attack,"PROBABLE - groupe haïtien, source à ajouter",Peut rester provisoirement,70,Base interne / notes existantes,groupe/collectif,Dataset interne,,,Groupe rap haïtien.,Chercher une source publique avant de passer en vérifié.,Rap Kreyòl,Groupe rap haïtien.,
166,Maudely Mesidor,"PROBABLE - haïtien, source à ajouter",Peut rester provisoirement,70,Base interne / notes existantes,solo,Dataset interne,,,Chanteuse compas haïtienne.,Chercher une source publique avant de passer en vérifié.,"Compas, Pop",Chanteuse compas haïtienne.,
167,Max Dougé,"PROBABLE - haïtien, source à ajouter",Peut rester provisoirement,68,Base interne / notes existantes,solo,Dataset interne,,,Musicien compas haïtien.,Chercher une source publique avant de passer en vérifié.,Compas,Musicien compas haïtien.,
168,MC Pierre,"PROBABLE - haïtien, source à ajouter",Peut rester provisoirement,72,Base interne / notes existantes,solo,Dataset interne,,,Artiste compas haïtien émergent. Sources limitées.,Chercher une source publique avant de passer en vérifié.,"Compas, Pop",Artiste compas haïtien émergent. Sources limitées.,
169,MC Solaar,NON - autre nationalité confirmée,À retirer sauf collaboration,82,Source publique,solo non haïtien,Wikidata,https://www.wikidata.org/wiki/Q918784,,MC Solaar: French rapper. Pays/citoyennete indiquee: France; Chad.,"Retirer du catalogue haïtien, sauf rôle de collaboration explicitement documenté.","Hip-Hop, Jazz Rap",Claude M'Barali. Tchad/Sénégal. Connexion haïtienne parfois mentionnée mais NON confirmée.,
170,Mikado,"PROBABLE - haïtien, source à ajouter",Peut rester provisoirement,70,Base interne / notes existantes,solo,Dataset interne,,,Artiste compas haïtien. Sources limitées.,Chercher une source publique avant de passer en vérifié.,Compas,Artiste compas haïtien. Sources limitées.,
171,Mikado (rap),"PROBABLE - haïtien, source à ajouter",Peut rester provisoirement,68,Base interne / notes existantes,solo,Dataset interne,,,Rappeur haïtien. Sources limitées.,Chercher une source publique avant de passer en vérifié.,Rap Kreyòl,Rappeur haïtien. Sources limitées.,
172,Moïse Télémaque,"PROBABLE - haïtien, source à ajouter",Peut rester provisoirement,70,Base interne / notes existantes,solo,Dataset interne,,,Chanteur gospel haïtien.,Chercher une source publique avant de passer en vérifié.,Gospel,Chanteur gospel haïtien.,
173,Moment Donné,"PROBABLE - groupe haïtien, source à ajouter",Peut rester provisoirement,70,Base interne / notes existantes,groupe/collectif,Dataset interne,,,Groupe compas haïtien.,Chercher une source publique avant de passer en vérifié.,Compas,Groupe compas haïtien.,
174,Murat Pierre,OUI - haïtien confirmé,OK musical,95,Source publique,solo,Wikidata/Wikipedia,https://www.wikidata.org/wiki/Q12894660,,Murat Pierre: Haitian artist. Preuves: Haiti.,Garder dans le catalogue.,Compas,Artiste compas haïtien Cap-Haïtien.,
175,Mystik (Les Cayes),"PROBABLE - groupe haïtien, source à ajouter",Peut rester provisoirement,68,Base interne / notes existantes,groupe/collectif,Dataset interne,,,Groupe compas régional Les Cayes.,Chercher une source publique avant de passer en vérifié.,Compas,Groupe compas régional Les Cayes.,
176,Mystik 703,OUI - groupe haïtien confirmé,OK musical,88,Source publique,groupe/collectif,MusicBrainz,https://musicbrainz.org/artist/601339a6-ae32-493d-983b-33e21b3561b2,,"Mystik 703: country=n/a, area=Port-au-Prince, begin_area=Port-au-Prince.",Garder dans le catalogue.,Rap Kreyòl,Groupe rap haïtien.,
177,Myzik Jazz,"PROBABLE - haïtien, source à ajouter",Peut rester provisoirement,70,Base interne / notes existantes,solo,Dataset interne,,,Formation jazz/compas haïtienne. Sources limitées.,Chercher une source publique avant de passer en vérifié.,"Jazz, Compas",Formation jazz/compas haïtienne. Sources limitées.,
178,Nehemie,"OUI - haïtien confirmé, rôle musical à vérifier",À vérifier - rôle musical non confirmé,75,Source publique confirme Haïti mais pas le rôle musical,solo,Wikidata/Wikipedia,https://www.wikidata.org/wiki/Q138568691,,Néhémie Bastien: Haitian actress. Preuves: description publique.,Ne valider dans le catalogue musique qu'après preuve musicale.,Gospel,Artiste gospel haïtien. Sources limitées.,
179,Nou Pap Dòmi,"PROBABLE - groupe haïtien, source à ajouter",Peut rester provisoirement,72,Base interne / notes existantes,groupe/collectif,Dataset interne,,,Collectif rap haïtien engagé.,Chercher une source publique avant de passer en vérifié.,"Rap Kreyòl, Protest",Collectif rap haïtien engagé.,
180,Nu Band,"PROBABLE - groupe haïtien, source à ajouter",Peut rester provisoirement,70,Base interne / notes existantes,groupe/collectif,Dataset interne,,,Groupe compas haïtien.,Chercher une source publique avant de passer en vérifié.,Compas,Groupe compas haïtien.,
181,Nu Vice,OUI - groupe haïtien confirmé,OK musical,90,Source publique,groupe/collectif,MusicBrainz,https://musicbrainz.org/artist/81ac8219-c334-45a3-8e64-28e455934000,,"Nu-Vice: country=HT, area=Haiti, begin_area=n/a.",Garder dans le catalogue.,Compas,Groupe compas. Confusion possible avec T-Vice/Nu Look.,
182,Nu-Soul,"PROBABLE - groupe haïtien, source à ajouter",Peut rester provisoirement,68,Base interne / notes existantes,groupe/collectif,Dataset interne,,,Groupe compas/R&B haïtien.,Chercher une source publique avant de passer en vérifié.,"Compas, R&B",Groupe compas/R&B haïtien.,
183,Oj Da Juiceman,NON - autre nationalité confirmée,À retirer sauf collaboration,82,Source publique,solo non haïtien,Wikidata,https://www.wikidata.org/wiki/Q973691,,OJ da Juiceman: American rapper. Pays/citoyennete indiquee: United States.,"Retirer du catalogue haïtien, sauf rôle de collaboration explicitement documenté.","Hip-Hop, Trap",Rappeur Atlanta. Origine haïtienne parfois mentionnée. Non confirmée.,
184,Orchestre Citadelle,"PROBABLE - groupe haïtien, source à ajouter",Peut rester provisoirement,72,Base interne / notes existantes,groupe/collectif,Dataset interne,,,Orchestre compas Cap-Haïtien historique.,Chercher une source publique avant de passer en vérifié.,Compas,Orchestre compas Cap-Haïtien historique.,
185,Orchestre Unistar,"PROBABLE - groupe haïtien, source à ajouter",Peut rester provisoirement,72,Base interne / notes existantes,groupe/collectif,Dataset interne,,,Orchestre compas haïtien.,Chercher une source publique avant de passer en vérifié.,Compas,Orchestre compas haïtien.,
186,Osner Fevry,"PROBABLE - haïtien, source à ajouter",Peut rester provisoirement,72,Base interne / notes existantes,solo,Dataset interne,,,Chanteur gospel haïtien.,Chercher une source publique avant de passer en vérifié.,Gospel,Chanteur gospel haïtien.,
187,Oswald,"PROBABLE - haïtien, source à ajouter",Peut rester provisoirement,60,"Indice haïtien dans les notes, sans source publique",solo,,,,Aucune preuve structurée claire trouvee dans Wikidata/MusicBrainz.,Ajouter une source publique ou média local fiable.,Compas,Artiste compas. Sources limitées. Slug distinctif.,
188,P Jay,OUI - haïtien confirmé,OK musical,88,Source publique,solo,Wikidata/Wikipedia,https://www.wikidata.org/wiki/Q31721124,,P-Jay: . Preuves: Jacmel.,Garder dans le catalogue.,Rap Kreyòl,Rappeur haïtien.,
189,P. Reign,NON - autre nationalité confirmée,À retirer sauf collaboration,90,Source publique,solo non haïtien,Wikipedia,https://en.wikipedia.org/wiki/Preme,,"Source publique: rappeur canadien, d'origine guyanaise selon la biographie publique.",Retirer comme artiste haïtien.,"Hip-Hop, R&B",Preme. Toronto. Origine haïtienne évoquée.,
190,Pasteur Muscadin,"PROBABLE - groupe haïtien, source à ajouter",Peut rester provisoirement,72,Base interne / notes existantes,groupe/collectif,Dataset interne,,,Pasteur/chanteur gospel haïtien.,Chercher une source publique avant de passer en vérifié.,"Gospel, Worship",Pasteur/chanteur gospel haïtien.,
191,Paulette Poujol Oriol,"OUI - haïtien confirmé, rôle musical à vérifier",À vérifier - rôle musical non confirmé,75,Source publique confirme Haïti mais pas le rôle musical,solo,Wikidata/Wikipedia,https://www.wikidata.org/wiki/Q12895266,,Paulette Poujol Oriol: Haitian actor. Preuves: Haiti; Port-au-Prince.,Ne valider dans le catalogue musique qu'après preuve musicale.,Chanson,Écrivaine haïtienne. Pas d'activité musicale documentée.,
192,Pè Fèt,"PROBABLE - haïtien, source à ajouter",Peut rester provisoirement,68,Base interne / notes existantes,solo,Dataset interne,,,Artiste rabòday haïtien. Sources limitées.,Chercher une source publique avant de passer en vérifié.,Rabòday,Artiste rabòday haïtien. Sources limitées.,
193,Pè Noël,"PROBABLE - haïtien, source à ajouter",Peut rester provisoirement,68,Base interne / notes existantes,solo,Dataset interne,,,Prêtre/chanteur gospel haïtien. Sources limitées.,Chercher une source publique avant de passer en vérifié.,Gospel,Prêtre/chanteur gospel haïtien. Sources limitées.,
194,Pedro Mista,"PROBABLE - haïtien, source à ajouter",Peut rester provisoirement,72,Base interne / notes existantes,solo,Dataset interne,,,Artiste rabòday haïtien. Sources limitées.,Chercher une source publique avant de passer en vérifié.,"Rabòday, Rap Kreyòl",Artiste rabòday haïtien. Sources limitées.,
195,Phatboi,"PROBABLE - haïtien, source à ajouter",Peut rester provisoirement,70,Base interne / notes existantes,solo,Dataset interne,,,Artiste diaspora haïtienne. Sources limitées.,Chercher une source publique avant de passer en vérifié.,"Hip-Hop, R&B",Artiste diaspora haïtienne. Sources limitées.,
196,Phénomène du Cap,"PROBABLE - groupe haïtien, source à ajouter",Peut rester provisoirement,72,Base interne / notes existantes,groupe/collectif,Dataset interne,,,Groupe compas Cap-Haïtien.,Chercher une source publique avant de passer en vérifié.,Compas,Groupe compas Cap-Haïtien.,
197,Pierre Richard Gervais,"PROBABLE - haïtien, source à ajouter",Peut rester provisoirement,68,Base interne / notes existantes,solo,Dataset interne,,,Artiste gospel haïtien. Sources limitées.,Chercher une source publique avant de passer en vérifié.,Gospel,Artiste gospel haïtien. Sources limitées.,
198,Pierre-Louis Macena,"PROBABLE - haïtien, source à ajouter",Peut rester provisoirement,68,Base interne / notes existantes,solo,Dataset interne,,,Artiste gospel haïtien. Sources limitées.,Chercher une source publique avant de passer en vérifié.,Gospel,Artiste gospel haïtien. Sources limitées.,
199,Pipo,"PROBABLE - haïtien, source à ajouter",Peut rester provisoirement,68,Base interne / notes existantes,solo,Dataset interne,,,Artiste compas haïtien. Sources limitées.,Chercher une source publique avant de passer en vérifié.,Compas,Artiste compas haïtien. Sources limitées.,
200,Polo (compas),"PROBABLE - haïtien, source à ajouter",Peut rester provisoirement,68,Base interne / notes existantes,solo,Dataset interne,,,Artiste compas haïtien. Sources limitées.,Chercher une source publique avant de passer en vérifié.,Compas,Artiste compas haïtien. Sources limitées.,
201,Pòtoprens,À VÉRIFIER - homonyme probable,Ne pas rejeter/valider sans contrôle,50,Source trouvée probablement sur un autre artiste,groupe/collectif,Wikidata/Wikipedia,https://www.wikidata.org/wiki/Q34261,https://www.wikidata.org/wiki/Q2222007,Port-au-Prince: capital of Haiti. Preuves: Haiti; Port-au-Prince Arrondissement.,Vérifier manuellement le bon artiste; la source trouvée ne semble pas correspondre.,Compas,Groupe compas haïtien. Sources limitées.,
202,Prophète (musicien),"PROBABLE - haïtien, source à ajouter",Peut rester provisoirement,65,Base interne / notes existantes,solo,Dataset interne,,,Artiste gospel haïtien. Sources limitées.,Chercher une source publique avant de passer en vérifié.,Gospel,Artiste gospel haïtien. Sources limitées.,
203,RaBoukans,"PROBABLE - haïtien, source à ajouter",Peut rester provisoirement,72,Base interne / notes existantes,solo,Dataset interne,,,Rappeur haïtien à influences racine. Sources limitées.,Chercher une source publique avant de passer en vérifié.,"Rap Kreyòl, Racine",Rappeur haïtien à influences racine. Sources limitées.,
204,Racine de Vivre,"PROBABLE - groupe haïtien, source à ajouter",Peut rester provisoirement,70,Base interne / notes existantes,groupe/collectif,Dataset interne,,,Groupe racine haïtien. Sources limitées.,Chercher une source publique avant de passer en vérifié.,Racine,Groupe racine haïtien. Sources limitées.,
205,Radio Panic Band,"PROBABLE - groupe haïtien, source à ajouter",Peut rester provisoirement,68,Base interne / notes existantes,groupe/collectif,Dataset interne,,,Formation compas haïtienne. Sources limitées.,Chercher une source publique avant de passer en vérifié.,Compas,Formation compas haïtienne. Sources limitées.,
206,Radio Star (Septentrional),"PROBABLE - groupe haïtien, source à ajouter",Peut rester provisoirement,70,Base interne / notes existantes,groupe/collectif,Dataset interne,,,Groupe compas haïtien Cap-Haïtien.,Chercher une source publique avant de passer en vérifié.,Compas,Groupe compas haïtien Cap-Haïtien.,
207,Raphaël Nérestant,"PROBABLE - haïtien, source à ajouter",Peut rester provisoirement,70,Base interne / notes existantes,solo,Dataset interne,,,Artiste gospel haïtien.,Chercher une source publique avant de passer en vérifié.,Gospel,Artiste gospel haïtien.,
208,Rayne,"PROBABLE - haïtien, source à ajouter",Peut rester provisoirement,70,Base interne / notes existantes,solo,Dataset interne,,,Artiste pop haïtienne. Sources limitées.,Chercher une source publique avant de passer en vérifié.,"Pop, R&B",Artiste pop haïtienne. Sources limitées.,
209,Realmind,"PROBABLE - haïtien, source à ajouter",Peut rester provisoirement,68,Base interne / notes existantes,solo,Dataset interne,,,Producteur diaspora haïtienne. Sources limitées.,Chercher une source publique avant de passer en vérifié.,"Hip-Hop, Production",Producteur diaspora haïtienne. Sources limitées.,
210,Rédemption (gospel Haiti),"PROBABLE - groupe haïtien, source à ajouter",Peut rester provisoirement,68,Base interne / notes existantes,groupe/collectif,Dataset interne,,,Groupe gospel haïtien.,Chercher une source publique avant de passer en vérifié.,Gospel,Groupe gospel haïtien.,
211,Réginald Bastien,"PROBABLE - haïtien, source à ajouter",Peut rester provisoirement,70,Base interne / notes existantes,solo,Dataset interne,,,Artiste compas haïtien.,Chercher une source publique avant de passer en vérifié.,Compas,Artiste compas haïtien.,
212,Réginald Laurent,"PROBABLE - haïtien, source à ajouter",Peut rester provisoirement,68,Base interne / notes existantes,solo,Dataset interne,,,Chanteur gospel haïtien.,Chercher une source publique avant de passer en vérifié.,Gospel,Chanteur gospel haïtien.,
213,Rémy Fils-Aimé,"PROBABLE - haïtien, source à ajouter",Peut rester provisoirement,72,Base interne / notes existantes,solo,Dataset interne,,,Chanteur gospel haïtien.,Chercher une source publique avant de passer en vérifié.,Gospel,Chanteur gospel haïtien.,
214,Remy Ma,NON - autre nationalité confirmée,À retirer sauf collaboration,82,Source publique,solo non haïtien,Wikidata,https://www.wikidata.org/wiki/Q275437,,Remy Ma: American rapper. Pays/citoyennete indiquee: United States.,"Retirer du catalogue haïtien, sauf rôle de collaboration explicitement documenté.",Hip-Hop,Reminisce Mackie. Origine haïtienne parfois évoquée. Non pleinement confirmée.,
215,Rèv,"PROBABLE - groupe haïtien, source à ajouter",Peut rester provisoirement,70,Base interne / notes existantes,groupe/collectif,Dataset interne,,,Groupe compas haïtien. Sources limitées.,Chercher une source publique avant de passer en vérifié.,Compas,Groupe compas haïtien. Sources limitées.,
216,Rèv (Jacmel),"PROBABLE - groupe haïtien, source à ajouter",Peut rester provisoirement,68,Base interne / notes existantes,groupe/collectif,Dataset interne,,,Groupe compas régional Jacmel.,Chercher une source publique avant de passer en vérifié.,Compas,Groupe compas régional Jacmel.,
217,Reynaldo,"PROBABLE - haïtien, source à ajouter",Peut rester provisoirement,70,Base interne / notes existantes,solo,Dataset interne,,,Artiste compas haïtien émergent. Sources limitées.,Chercher une source publique avant de passer en vérifié.,Compas,Artiste compas haïtien émergent. Sources limitées.,
218,Reynold Bazile,"PROBABLE - haïtien, source à ajouter",Peut rester provisoirement,72,Base interne / notes existantes,solo,Dataset interne,,,Artiste gospel haïtien.,Chercher une source publique avant de passer en vérifié.,Gospel,Artiste gospel haïtien.,
219,Ricardo Franck,"PROBABLE - haïtien, source à ajouter",Peut rester provisoirement,72,Base interne / notes existantes,solo,Dataset interne,,,Musicien compas haïtien.,Chercher une source publique avant de passer en vérifié.,Compas,Musicien compas haïtien.,
220,Rico (Jacmel),À VÉRIFIER - homonyme probable,Ne pas rejeter/valider sans contrôle,50,Source trouvée probablement sur un autre artiste,solo,Wikidata,https://www.wikidata.org/wiki/Q7332245,,Rico: British singer-songwriter. Pays/citoyennete indiquee: United Kingdom.,Vérifier manuellement le bon artiste; la source trouvée ne semble pas correspondre.,Compas,Artiste compas régional Jacmel.,
221,Rico Act,À VÉRIFIER - preuve publique insuffisante,Recherche manuelle requise,55,Source publique manquante,solo,,,,Aucune preuve structurée claire trouvee dans Wikidata/MusicBrainz.,Chercher une source indépendante avant validation.,"Hip-Hop, Dancehall",Artiste diaspora. Sources limitées.,
222,Roach,"PROBABLE - haïtien, source à ajouter",Peut rester provisoirement,72,Base interne / notes existantes,solo,Dataset interne,,,Rappeur haïtien. Sources limitées.,Chercher une source publique avant de passer en vérifié.,"Rap Kreyòl, Trap",Rappeur haïtien. Sources limitées.,
223,Roach Killa,NON - autre nationalité confirmée,À retirer sauf collaboration,82,Source publique,solo non haïtien,Wikidata,https://www.wikidata.org/wiki/Q7339236,,"Roach Killa: singer, born 1984. Pays/citoyennete indiquee: Canada.","Retirer du catalogue haïtien, sauf rôle de collaboration explicitement documenté.",Rap,Rappeur. Origine haïtienne non confirmée de manière indépendante.,
224,Robert Télévision,"PROBABLE - haïtien, source à ajouter",Peut rester provisoirement,68,Base interne / notes existantes,solo,Dataset interne,,,Artiste compas haïtien.,Chercher une source publique avant de passer en vérifié.,Compas,Artiste compas haïtien.,
225,Rodney Nunes,"PROBABLE - haïtien, source à ajouter",Peut rester provisoirement,70,Base interne / notes existantes,solo,Dataset interne,,,Musicien compas haïtien.,Chercher une source publique avant de passer en vérifié.,"Compas, Pop",Musicien compas haïtien.,
226,Roney,"PROBABLE - haïtien, source à ajouter",Peut rester provisoirement,70,Base interne / notes existantes,solo,Dataset interne,,,Rappeur Toronto. Origine haïtienne évoquée.,Chercher une source publique avant de passer en vérifié.,"Hip-Hop, Trap",Rappeur Toronto. Origine haïtienne évoquée.,
227,Rony Théophile,"PROBABLE - groupe haïtien, source à ajouter",Peut rester provisoirement,70,Base interne / notes existantes,groupe/collectif,Dataset interne,,,Chanteur gospel haïtien.,Chercher une source publique avant de passer en vérifié.,"Gospel, Worship",Chanteur gospel haïtien.,
228,Roody (Disip),À VÉRIFIER - homonyme probable,Ne pas rejeter/valider sans contrôle,50,Source trouvée probablement sur un autre artiste,groupe/collectif,Wikidata/Wikipedia,https://www.wikidata.org/wiki/Q7366135,https://www.wikidata.org/wiki/Q97255831,Roody Lormera: Haitian footballer. Preuves: description publique.,Vérifier manuellement le bon artiste; la source trouvée ne semble pas correspondre.,Compas,Musicien du groupe Disip. Sources limitées.,
229,Roody Petuel,"PROBABLE - haïtien, source à ajouter",Peut rester provisoirement,70,Base interne / notes existantes,solo,Dataset interne,,,Artiste compas haïtien. Sources limitées.,Chercher une source publique avant de passer en vérifié.,Compas,Artiste compas haïtien. Sources limitées.,
230,Roro (compas),À VÉRIFIER - homonyme probable,Ne pas rejeter/valider sans contrôle,50,Source trouvée probablement sur un autre artiste,solo,Wikidata,https://www.wikidata.org/wiki/Q124389983,,RoRo: Barbadian singer-songwriter. Pays/citoyennete indiquee: Barbados.,Vérifier manuellement le bon artiste; la source trouvée ne semble pas correspondre.,Compas,Artiste compas haïtien. Sources limitées.,
231,Roro Nelson,"PROBABLE - haïtien, source à ajouter",Peut rester provisoirement,70,Base interne / notes existantes,solo,Dataset interne,,,Artiste compas haïtien.,Chercher une source publique avant de passer en vérifié.,Compas,Artiste compas haïtien.,
232,Roser (Septentrional/Cap),"PROBABLE - haïtien, source à ajouter",Peut rester provisoirement,70,Base interne / notes existantes,solo,Dataset interne,,,Musicien Cap-Haïtien. Septentrional.,Chercher une source publique avant de passer en vérifié.,Compas,Musicien Cap-Haïtien. Septentrional.,
233,Sabine Bellevue,"PROBABLE - haïtien, source à ajouter",Peut rester provisoirement,72,Base interne / notes existantes,solo,Dataset interne,,,Chanteuse haïtienne.,Chercher une source publique avant de passer en vérifié.,"Compas, Pop",Chanteuse haïtienne.,
234,SafTrap,"PROBABLE - haïtien, source à ajouter",Peut rester provisoirement,70,Base interne / notes existantes,solo,Dataset interne,,,Artiste trap haïtien. Sources limitées.,Chercher une source publique avant de passer en vérifié.,"Trap, Rap Kreyòl",Artiste trap haïtien. Sources limitées.,
235,Sak Pase Ayiti,"PROBABLE - groupe haïtien, source à ajouter",Peut rester provisoirement,65,Base interne / notes existantes,groupe/collectif,Dataset interne,,,Groupe compas haïtien. Sources limitées.,Chercher une source publique avant de passer en vérifié.,Compas,Groupe compas haïtien. Sources limitées.,
236,Sam I Am,À VÉRIFIER - preuve publique insuffisante,Recherche manuelle requise,55,Source publique manquante,solo,,,,Aucune preuve structurée claire trouvee dans Wikidata/MusicBrainz.,Chercher une source indépendante avant validation.,"Hip-Hop, Production",Producteur diaspora. Sources limitées.,
237,Sam-E-L,"PROBABLE - haïtien, source à ajouter",Peut rester provisoirement,70,Base interne / notes existantes,solo,Dataset interne,,,Artiste R&B haïtien.,Chercher une source publique avant de passer en vérifié.,"R&B, Pop",Artiste R&B haïtien.,
238,Sammus,NON - autre nationalité confirmée,À retirer sauf collaboration,82,Source publique,solo non haïtien,Wikidata,https://www.wikidata.org/wiki/Q19687762,,Sammus: American rapper. Pays/citoyennete indiquee: United States.,"Retirer du catalogue haïtien, sauf rôle de collaboration explicitement documenté.","Hip-Hop, Indie",Rappeuse. Ascendance haïtienne évoquée. Sources limitées.,
239,Samson (gospel/compas),"PROBABLE - haïtien, source à ajouter",Peut rester provisoirement,68,Base interne / notes existantes,solo,Dataset interne,,,Artiste haïtien gospel/compas.,Chercher une source publique avant de passer en vérifié.,"Gospel, Compas",Artiste haïtien gospel/compas.,
240,Samuel Français,"PROBABLE - haïtien, source à ajouter",Peut rester provisoirement,68,Base interne / notes existantes,solo,Dataset interne,,,Artiste gospel haïtien.,Chercher une source publique avant de passer en vérifié.,Gospel,Artiste gospel haïtien.,
241,Samuel Robuste,"PROBABLE - haïtien, source à ajouter",Peut rester provisoirement,70,Base interne / notes existantes,solo,Dataset interne,,,Chanteur gospel haïtien.,Chercher une source publique avant de passer en vérifié.,Gospel,Chanteur gospel haïtien.,
242,Sanders Jean,"PROBABLE - haïtien, source à ajouter",Peut rester provisoirement,72,Base interne / notes existantes,solo,Dataset interne,,,Artiste compas haïtien. Sources limitées.,Chercher une source publique avant de passer en vérifié.,Compas,Artiste compas haïtien. Sources limitées.,
243,Sarah Renelik,"PROBABLE - haïtien, source à ajouter",Peut rester provisoirement,70,Base interne / notes existantes,solo,Dataset interne,,,Chanteuse française d'origine haïtienne.,Chercher une source publique avant de passer en vérifié.,"R&B, Pop",Chanteuse française d'origine haïtienne.,
244,Sarodj Bertin,"OUI - haïtien confirmé, rôle musical à vérifier",À vérifier - rôle musical non confirmé,75,Source publique confirme Haïti mais pas le rôle musical,solo,Wikidata/Wikipedia,https://www.wikidata.org/wiki/Q7424431,,Sarodj Bertin: Haitian model. Preuves: Port-au-Prince.,Ne valider dans le catalogue musique qu'après preuve musicale.,Pop,Miss Haïti 2012. Activité musicale secondaire.,
245,Saseer (beatmaker),À VÉRIFIER - preuve publique insuffisante,Recherche manuelle requise,55,Source publique manquante,solo,,,,Aucune preuve structurée claire trouvee dans Wikidata/MusicBrainz.,Chercher une source indépendante avant validation.,"Production, Beats",Beatmaker diaspora. Sources limitées.,
246,Serge Belot,"PROBABLE - haïtien, source à ajouter",Peut rester provisoirement,68,Base interne / notes existantes,solo,Dataset interne,,,Artiste gospel haïtien.,Chercher une source publique avant de passer en vérifié.,Gospel,Artiste gospel haïtien.,
247,Serge Rosenthal,"PROBABLE - haïtien, source à ajouter",Peut rester provisoirement,72,Base interne / notes existantes,solo,Dataset interne,,,Musicien compas haïtien historique.,Chercher une source publique avant de passer en vérifié.,Compas,Musicien compas haïtien historique.,
248,Shabazz PBG,"PROBABLE - haïtien, source à ajouter",Peut rester provisoirement,65,Base interne / notes existantes,solo,Dataset interne,,,Rappeur diaspora. Origine haïtienne non pleinement confirmée.,Chercher une source publique avant de passer en vérifié.,Hip-Hop,Rappeur diaspora. Origine haïtienne non pleinement confirmée.,
249,Shabba (rappeur diaspora),À VÉRIFIER - preuve publique insuffisante,Recherche manuelle requise,55,Source publique manquante,solo,,,,Aucune preuve structurée claire trouvee dans Wikidata/MusicBrainz.,Chercher une source indépendante avant validation.,Hip-Hop,Homonyme possible avec Shabba du batch-001. À clarifier.,
250,Shékinah,"PROBABLE - groupe haïtien, source à ajouter",Peut rester provisoirement,70,Base interne / notes existantes,groupe/collectif,Dataset interne,,,Groupe gospel haïtien.,Chercher une source publique avant de passer en vérifié.,"Gospel, Worship",Groupe gospel haïtien.,
251,Sheldon Senior,"PROBABLE - haïtien, source à ajouter",Peut rester provisoirement,70,Base interne / notes existantes,solo,Dataset interne,,,Artiste haïtien. Sources limitées.,Chercher une source publique avant de passer en vérifié.,"R&B, Pop",Artiste haïtien. Sources limitées.,
252,Skah Shah 2,"PROBABLE - groupe haïtien, source à ajouter",Peut rester provisoirement,60,"Indice haïtien dans les notes, sans source publique",groupe/collectif,,,,Aucune preuve structurée claire trouvee dans Wikidata/MusicBrainz.,Ajouter une source publique ou média local fiable.,Compas,Deuxième formation du groupe Skah Shah.,
253,Smith Jean-Baptiste,"PROBABLE - haïtien, source à ajouter",Peut rester provisoirement,70,Base interne / notes existantes,solo,Dataset interne,,,Musicien compas haïtien.,Chercher une source publique avant de passer en vérifié.,Compas,Musicien compas haïtien.,
254,Steelz,"PROBABLE - haïtien, source à ajouter",Peut rester provisoirement,70,Base interne / notes existantes,solo,Dataset interne,,,Artiste/producteur diaspora haïtienne.,Chercher une source publique avant de passer en vérifié.,"Hip-Hop, EDM",Artiste/producteur diaspora haïtienne.,
255,Steeve Brunache,"PROBABLE - haïtien, source à ajouter",Peut rester provisoirement,72,Base interne / notes existantes,solo,Dataset interne,,,Musicien compas haïtien.,Chercher une source publique avant de passer en vérifié.,Compas,Musicien compas haïtien.,
256,Tamise,"PROBABLE - haïtien, source à ajouter",Peut rester provisoirement,68,Base interne / notes existantes,solo,Dataset interne,,,Artiste compas haïtien.,Chercher une source publique avant de passer en vérifié.,"Compas, Pop",Artiste compas haïtien.,
257,Team Cash (Haiti),"PROBABLE - groupe haïtien, source à ajouter",Peut rester provisoirement,68,Base interne / notes existantes,groupe/collectif,Dataset interne,,,Collectif rap haïtien.,Chercher une source publique avant de passer en vérifié.,Rap Kreyòl,Collectif rap haïtien.,
258,Team Haiti,OUI - haïtien confirmé,OK musical,88,Source publique,groupe/collectif,Wikidata/Wikipedia,https://www.wikidata.org/wiki/Q7691503,,Team Haiti: . Preuves: description publique.,Garder dans le catalogue.,Compas,Collectif compas haïtien.,
259,Tèt Dwat,"PROBABLE - haïtien, source à ajouter",Peut rester provisoirement,70,Base interne / notes existantes,solo,Dataset interne,,,Rappeur haïtien. Sources limitées.,Chercher une source publique avant de passer en vérifié.,Rap Kreyòl,Rappeur haïtien. Sources limitées.,
260,Tha Rapper Haiti,OUI - haïtien confirmé,OK musical,95,Source publique,solo,Wikidata/Wikipedia,https://www.wikidata.org/wiki/Q131557552,,Tha Rapper Haiti: Haitian musician. Preuves: Haiti.,Garder dans le catalogue.,"Rap Kreyòl, Trap",Rappeur haïtien. Sources limitées.,
261,Ti Ansyto,OUI - haïtien confirmé,OK musical,88,Source publique,solo,MusicBrainz,https://musicbrainz.org/artist/e79fa7fa-1071-4f67-b725-73dff01a5657,,"Ti Ansyto: country=n/a, area=Port-au-Prince, begin_area=n/a.",Garder dans le catalogue.,"Compas, Twoubadou",Chanteur haïtien. Fils spirituel compas twoubadou.,
262,Ti Jean (gospel),"PROBABLE - haïtien, source à ajouter",Peut rester provisoirement,65,Base interne / notes existantes,solo,Dataset interne,,,Artiste gospel haïtien. Sources limitées.,Chercher une source publique avant de passer en vérifié.,Gospel,Artiste gospel haïtien. Sources limitées.,
263,Ti Manno Jr,"PROBABLE - haïtien, source à ajouter",Peut rester provisoirement,60,"Indice haïtien dans les notes, sans source publique",solo,,,,Aucune preuve structurée claire trouvee dans Wikidata/MusicBrainz.,Ajouter une source publique ou média local fiable.,Compas,Possible relation to Ti Manno. Limited sources.,
264,Ti Plume,"PROBABLE - haïtien, source à ajouter",Peut rester provisoirement,70,Base interne / notes existantes,solo,Dataset interne,,,Artiste compas haïtien.,Chercher une source publique avant de passer en vérifié.,Compas,Artiste compas haïtien.,
265,Ti Rège,"PROBABLE - haïtien, source à ajouter",Peut rester provisoirement,70,Base interne / notes existantes,solo,Dataset interne,,,Artiste compas haïtien Cap-Haïtien.,Chercher une source publique avant de passer en vérifié.,Compas,Artiste compas haïtien Cap-Haïtien.,
266,Ti Simone,À VÉRIFIER - homonyme probable,Ne pas rejeter/valider sans contrôle,50,Source trouvée probablement sur un autre artiste,solo,Wikidata,https://www.wikidata.org/wiki/Q2744497,,Simone: Brazilian singer. Pays/citoyennete indiquee: Brazil.,Vérifier manuellement le bon artiste; la source trouvée ne semble pas correspondre.,"Chanson, Folklore",Chanteuse haïtienne historique. Sources limitées.,Doublon dans le CSV source
267,Ti Simone,À VÉRIFIER - homonyme probable,Ne pas rejeter/valider sans contrôle,50,Source trouvée probablement sur un autre artiste,solo,Wikidata,https://www.wikidata.org/wiki/Q2744497,,Simone: Brazilian singer. Pays/citoyennete indiquee: Brazil.,Vérifier manuellement le bon artiste; la source trouvée ne semble pas correspondre.,"Folk, Vodou",Historical Haitian folk singer. Limited independent sources.,Doublon dans le CSV source
268,Ti Wòch,"PROBABLE - haïtien, source à ajouter",Peut rester provisoirement,68,Base interne / notes existantes,solo,Dataset interne,,,Artiste gospel haïtien. Sources limitées.,Chercher une source publique avant de passer en vérifié.,Gospel,Artiste gospel haïtien. Sources limitées.,
269,Titi (Pascal),"PROBABLE - haïtien, source à ajouter",Peut rester provisoirement,60,"Indice haïtien dans les notes, sans source publique",solo,,,,Aucune preuve structurée claire trouvee dans Wikidata/MusicBrainz.,Ajouter une source publique ou média local fiable.,Compas,Chanteur compas historique. Sources limitées.,
270,Tjaze,"PROBABLE - haïtien, source à ajouter",Peut rester provisoirement,72,Base interne / notes existantes,solo,Dataset interne,,,Artiste compas haïtien émergent. Sources limitées.,Chercher une source publique avant de passer en vérifié.,"Compas, Pop",Artiste compas haïtien émergent. Sources limitées.,
271,Tjooze,"PROBABLE - haïtien, source à ajouter",Peut rester provisoirement,70,Base interne / notes existantes,solo,Dataset interne,,,Artiste trap haïtien. Sources limitées.,Chercher une source publique avant de passer en vérifié.,"Rap, Trap",Artiste trap haïtien. Sources limitées.,
272,Toby Charles,"PROBABLE - haïtien, source à ajouter",Peut rester provisoirement,70,Base interne / notes existantes,solo,Dataset interne,,,Artiste gospel haïtien.,Chercher une source publique avant de passer en vérifié.,Gospel,Artiste gospel haïtien.,
273,Tokay,"PROBABLE - groupe haïtien, source à ajouter",Peut rester provisoirement,70,Base interne / notes existantes,groupe/collectif,Dataset interne,,,Groupe racine haïtien. Sources limitées.,Chercher une source publique avant de passer en vérifié.,Racine,Groupe racine haïtien. Sources limitées.,
274,Tonton Bicha,À VÉRIFIER - homonyme probable,Ne pas rejeter/valider sans contrôle,50,Source trouvée probablement sur un autre artiste,solo,Wikidata/Wikipedia,https://www.wikidata.org/wiki/Q2372752,,Daniel Fils Aimé: Haitian actor. Preuves: Haiti; Cap-Haïtien.,Vérifier manuellement le bon artiste; la source trouvée ne semble pas correspondre.,"Compas, Humor",Artiste/humoriste haïtien. Frontière musique/comédie.,
275,Tonymix,À VÉRIFIER - preuve publique insuffisante,Recherche manuelle requise,55,Source publique manquante,solo,,,,Aucune preuve structurée claire trouvee dans Wikidata/MusicBrainz.,Chercher une source indépendante avant validation.,"DJ, Rabòday",Possible doublon de Tony Mix. À vérifier.,
276,Top Kompa,"PROBABLE - groupe haïtien, source à ajouter",Peut rester provisoirement,68,Base interne / notes existantes,groupe/collectif,Dataset interne,,,Groupe compas haïtien.,Chercher une source publique avant de passer en vérifié.,Compas,Groupe compas haïtien.,
277,Toro Band,"PROBABLE - groupe haïtien, source à ajouter",Peut rester provisoirement,70,Base interne / notes existantes,groupe/collectif,Dataset interne,,,Groupe compas haïtien actif.,Chercher une source publique avant de passer en vérifié.,Compas,Groupe compas haïtien actif.,
278,Toto St-Marc,"PROBABLE - haïtien, source à ajouter",Peut rester provisoirement,70,Base interne / notes existantes,solo,Dataset interne,,,Artiste compas haïtien historique.,Chercher une source publique avant de passer en vérifié.,Compas,Artiste compas haïtien historique.,
279,Triple Kay,"PROBABLE - groupe haïtien, source à ajouter",Peut rester provisoirement,65,Base interne / notes existantes,groupe/collectif,Dataset interne,,,Groupe compas haïtien. Sources limitées.,Chercher une source publique avant de passer en vérifié.,Compas,Groupe compas haïtien. Sources limitées.,
280,TurbulanceHT,"PROBABLE - haïtien, source à ajouter",Peut rester provisoirement,70,Base interne / notes existantes,solo,Dataset interne,,,Artiste rap/dancehall haïtien.,Chercher une source publique avant de passer en vérifié.,"Rap Kreyòl, Dancehall",Artiste rap/dancehall haïtien.,
281,Val,"PROBABLE - haïtien, source à ajouter",Peut rester provisoirement,68,Base interne / notes existantes,solo,Dataset interne,,,Artiste haïtien. Sources limitées.,Chercher une source publique avant de passer en vérifié.,"Compas, Pop",Artiste haïtien. Sources limitées.,
282,Val King,"PROBABLE - haïtien, source à ajouter",Peut rester provisoirement,70,Base interne / notes existantes,solo,Dataset interne,,,Artiste compas haïtien.,Chercher une source publique avant de passer en vérifié.,"Compas, Pop",Artiste compas haïtien.,
283,Val Seri,"PROBABLE - haïtien, source à ajouter",Peut rester provisoirement,68,Base interne / notes existantes,solo,Dataset interne,,,Artiste compas haïtien. Sources limitées.,Chercher une source publique avant de passer en vérifié.,Compas,Artiste compas haïtien. Sources limitées.,
284,Vision Céleste,"PROBABLE - groupe haïtien, source à ajouter",Peut rester provisoirement,68,Base interne / notes existantes,groupe/collectif,Dataset interne,,,Groupe gospel haïtien. Sources limitées.,Chercher une source publique avant de passer en vérifié.,Gospel,Groupe gospel haïtien. Sources limitées.,
285,Volta Jazz d'Haïti,"PROBABLE - haïtien, source à ajouter",Peut rester provisoirement,72,Base interne / notes existantes,solo,Dataset interne,,,Formation jazz/compas haïtienne historique.,Chercher une source publique avant de passer en vérifié.,"Compas, Jazz",Formation jazz/compas haïtienne historique.,
286,Wanga Négès,"PROBABLE - groupe haïtien, source à ajouter",Peut rester provisoirement,70,Base interne / notes existantes,groupe/collectif,Dataset interne,,,Groupe racine haïtien. Sources limitées.,Chercher une source publique avant de passer en vérifié.,Racine,Groupe racine haïtien. Sources limitées.,
287,Watson Lalanne,"PROBABLE - haïtien, source à ajouter",Peut rester provisoirement,72,Base interne / notes existantes,solo,Dataset interne,,,Musicien compas haïtien.,Chercher une source publique avant de passer en vérifié.,Compas,Musicien compas haïtien.,
288,Wawa (rapper),"PROBABLE - haïtien, source à ajouter",Peut rester provisoirement,68,Base interne / notes existantes,solo,Dataset interne,,,Rappeur haïtien. Sources limitées.,Chercher une source publique avant de passer en vérifié.,Rap Kreyòl,Rappeur haïtien. Sources limitées.,
289,Whimzikk,"PROBABLE - haïtien, source à ajouter",Peut rester provisoirement,70,Base interne / notes existantes,solo,Dataset interne,,,Artiste pop diaspora haïtienne. Sources limitées.,Chercher une source publique avant de passer en vérifié.,"Pop, R&B",Artiste pop diaspora haïtienne. Sources limitées.,
290,Widlore Mérancourt,"PROBABLE - haïtien, source à ajouter",Peut rester provisoirement,70,Base interne / notes existantes,solo,Dataset interne,,,Artiste gospel haïtien. Sources limitées.,Chercher une source publique avant de passer en vérifié.,Gospel,Artiste gospel haïtien. Sources limitées.,
291,Wilbert Baigné,"PROBABLE - haïtien, source à ajouter",Peut rester provisoirement,72,Base interne / notes existantes,solo,Dataset interne,,,Artiste haïtien historique Cap-Haïtien.,Chercher une source publique avant de passer en vérifié.,"Twoubadou, Compas",Artiste haïtien historique Cap-Haïtien.,
292,Woods,À VÉRIFIER - preuve publique insuffisante,Recherche manuelle requise,55,Source publique manquante,solo,,,,Aucune preuve structurée claire trouvee dans Wikidata/MusicBrainz.,Chercher une source indépendante avant validation.,Hip-Hop,Rappeur diaspora. Sources limitées.,
293,Yanick Lemoine,"PROBABLE - haïtien, source à ajouter",Peut rester provisoirement,70,Base interne / notes existantes,solo,Dataset interne,,,Chanteuse gospel haïtienne.,Chercher une source publique avant de passer en vérifié.,Gospel,Chanteuse gospel haïtienne.,
294,Yollande Mathurin,"PROBABLE - haïtien, source à ajouter",Peut rester provisoirement,70,Base interne / notes existantes,solo,Dataset interne,,,Chanteuse gospel haïtienne.,Chercher une source publique avant de passer en vérifié.,Gospel,Chanteuse gospel haïtienne.,
295,Young Zee,NON - autre nationalité confirmée,À retirer sauf collaboration,82,Source publique,solo non haïtien,Wikidata,https://www.wikidata.org/wiki/Q27972767,,Young Zee: American rapper. Pays/citoyennete indiquee: United States.,"Retirer du catalogue haïtien, sauf rôle de collaboration explicitement documenté.",Hip-Hop,Rappeur Outsidaz. Origine haïtienne évoquée. Non pleinement confirmée.,
296,Yvon Faille,"PROBABLE - haïtien, source à ajouter",Peut rester provisoirement,72,Base interne / notes existantes,solo,Dataset interne,,,Musicien compas haïtien.,Chercher une source publique avant de passer en vérifié.,Compas,Musicien compas haïtien.,
297,Yvrose (gospel),"PROBABLE - haïtien, source à ajouter",Peut rester provisoirement,68,Base interne / notes existantes,solo,Dataset interne,,,Chanteuse gospel haïtienne.,Chercher une source publique avant de passer en vérifié.,Gospel,Chanteuse gospel haïtienne.,
298,Zèklè,OUI - groupe haïtien confirmé,OK musical,90,Source publique,groupe/collectif,MusicBrainz,https://musicbrainz.org/artist/cb00c5a1-55c6-4a60-a7d5-698a1871c58e,,"Zéklè: country=HT, area=Haiti, begin_area=n/a.",Garder dans le catalogue.,"Compas, Jazz",Groupe compas/jazz haïtien. Sources limitées.,
299,Zo Trap,"PROBABLE - haïtien, source à ajouter",Peut rester provisoirement,68,Base interne / notes existantes,solo,Dataset interne,,,Artiste trap haïtien. Sources limitées.,Chercher une source publique avant de passer en vérifié.,"Trap, Rap Kreyòl",Artiste trap haïtien. Sources limitées.,
300,Zoeja,"PROBABLE - haïtien, source à ajouter",Peut rester provisoirement,68,Base interne / notes existantes,solo,Dataset interne,,,Rappeur diaspora haïtienne. Sources limitées.,Chercher une source publique avant de passer en vérifié.,"Hip-Hop, Trap",Rappeur diaspora haïtienne. Sources limitées.,
